user_id,group,signup_date,signup_day,activated_30d,time_to_activate_days,session_count
C-00001,control,2026-01-12,6,0,,2
C-00002,control,2026-01-25,19,0,,3
C-00003,control,2026-01-20,14,1,6.0,10
C-00004,control,2026-01-16,10,0,,5
C-00005,control,2026-01-13,7,0,,2
C-00006,control,2026-01-26,20,1,1.0,10
C-00007,control,2026-01-12,6,0,,6
C-00008,control,2026-01-31,25,0,,4
C-00009,control,2026-01-24,18,0,,5
C-00010,control,2026-01-28,22,1,1.0,8
C-00011,control,2026-01-16,10,0,,4
C-00012,control,2026-01-16,10,1,12.0,11
C-00013,control,2026-01-29,23,1,2.0,11
C-00014,control,2026-01-26,20,0,,6
C-00015,control,2026-01-09,3,0,,2
C-00016,control,2026-01-13,7,0,,2
C-00017,control,2026-01-29,23,0,,4
C-00018,control,2026-01-08,2,1,9.0,8
C-00019,control,2026-01-27,21,1,3.0,6
C-00020,control,2026-01-26,20,0,,4
C-00021,control,2026-01-07,1,0,,2
C-00022,control,2026-01-29,23,0,,4
C-00023,control,2026-01-17,11,0,,2
C-00024,control,2026-01-11,5,0,,3
C-00025,control,2026-01-07,1,0,,1
C-00026,control,2026-02-02,27,0,,2
C-00027,control,2026-01-26,20,0,,3
C-00028,control,2026-01-06,0,0,,4
C-00029,control,2026-01-17,11,0,,2
C-00030,control,2026-01-31,25,0,,2
C-00031,control,2026-01-27,21,1,16.0,12
C-00032,control,2026-01-17,11,0,,5
C-00033,control,2026-01-30,24,1,1.0,9
C-00034,control,2026-01-22,16,1,2.0,9
C-00035,control,2026-02-01,26,0,,2
C-00036,control,2026-02-01,26,1,1.0,10
C-00037,control,2026-01-15,9,0,,3
C-00038,control,2026-02-02,27,0,,2
C-00039,control,2026-02-02,27,0,,1
C-00040,control,2026-01-21,15,0,,2
C-00041,control,2026-01-20,14,0,,2
C-00042,control,2026-01-20,14,0,,2
C-00043,control,2026-01-24,18,0,,3
C-00044,control,2026-01-17,11,0,,7
C-00045,control,2026-01-28,22,0,,3
C-00046,control,2026-01-25,19,1,4.0,5
C-00047,control,2026-01-30,24,0,,3
C-00048,control,2026-01-08,2,0,,6
C-00049,control,2026-01-10,4,1,2.0,13
C-00050,control,2026-01-24,18,0,,2
C-00051,control,2026-01-12,6,0,,4
C-00052,control,2026-01-26,20,0,,4
C-00053,control,2026-01-14,8,0,,2
C-00054,control,2026-01-12,6,1,2.0,11
C-00055,control,2026-01-23,17,0,,2
C-00056,control,2026-01-09,3,1,1.0,11
C-00057,control,2026-01-30,24,0,,3
C-00058,control,2026-02-02,27,0,,3
C-00059,control,2026-01-19,13,0,,2
C-00060,control,2026-01-23,17,0,,3
C-00061,control,2026-01-31,25,0,,2
C-00062,control,2026-01-14,8,1,6.0,14
C-00063,control,2026-01-31,25,1,1.0,9
C-00064,control,2026-01-26,20,0,,2
C-00065,control,2026-01-07,1,1,1.0,9
C-00066,control,2026-01-25,19,1,8.0,13
C-00067,control,2026-02-02,27,0,,3
C-00068,control,2026-01-20,14,0,,2
C-00069,control,2026-02-02,27,0,,6
C-00070,control,2026-01-12,6,0,,4
C-00071,control,2026-01-17,11,0,,3
C-00072,control,2026-01-13,7,0,,2
C-00073,control,2026-01-20,14,1,3.0,8
C-00074,control,2026-01-08,2,0,,3
C-00075,control,2026-01-19,13,0,,1
C-00076,control,2026-01-22,16,1,2.0,15
C-00077,control,2026-01-09,3,1,2.0,13
C-00078,control,2026-01-23,17,0,,4
C-00079,control,2026-01-13,7,1,5.0,7
C-00080,control,2026-01-09,3,0,,2
C-00081,control,2026-01-07,1,0,,3
C-00082,control,2026-01-11,5,0,,5
C-00083,control,2026-01-27,21,0,,5
C-00084,control,2026-01-15,9,0,,4
C-00085,control,2026-01-09,3,0,,1
C-00086,control,2026-01-27,21,0,,1
C-00087,control,2026-01-23,17,0,,2
C-00088,control,2026-01-31,25,0,,1
C-00089,control,2026-01-17,11,1,7.0,11
C-00090,control,2026-01-07,1,0,,2
C-00091,control,2026-01-15,9,0,,4
C-00092,control,2026-01-09,3,0,,1
C-00093,control,2026-01-19,13,0,,3
C-00094,control,2026-01-21,15,0,,3
C-00095,control,2026-01-20,14,1,1.0,7
C-00096,control,2026-01-13,7,0,,2
C-00097,control,2026-01-19,13,0,,2
C-00098,control,2026-01-28,22,1,3.0,10
C-00099,control,2026-02-02,27,0,,2
C-00100,control,2026-01-30,24,0,,3
C-00101,control,2026-01-13,7,0,,4
C-00102,control,2026-01-26,20,0,,4
C-00103,control,2026-01-21,15,0,,1
C-00104,control,2026-01-18,12,0,,4
C-00105,control,2026-01-23,17,0,,4
C-00106,control,2026-01-20,14,1,1.0,15
C-00107,control,2026-01-26,20,1,3.0,18
C-00108,control,2026-01-29,23,1,3.0,6
C-00109,control,2026-01-31,25,0,,1
C-00110,control,2026-01-30,24,0,,4
C-00111,control,2026-02-02,27,0,,1
C-00112,control,2026-02-02,27,0,,4
C-00113,control,2026-02-02,27,0,,3
C-00114,control,2026-01-18,12,0,,5
C-00115,control,2026-01-14,8,0,,3
C-00116,control,2026-01-20,14,1,3.0,11
C-00117,control,2026-01-18,12,0,,5
C-00118,control,2026-01-06,0,0,,4
C-00119,control,2026-01-30,24,0,,2
C-00120,control,2026-01-12,6,1,1.0,6
C-00121,control,2026-01-14,8,0,,3
C-00122,control,2026-01-29,23,1,2.0,11
C-00123,control,2026-01-06,0,0,,2
C-00124,control,2026-01-17,11,0,,4
C-00125,control,2026-01-13,7,0,,4
C-00126,control,2026-01-29,23,1,5.0,11
C-00127,control,2026-01-16,10,0,,1
C-00128,control,2026-01-24,18,0,,3
C-00129,control,2026-01-22,16,0,,4
C-00130,control,2026-01-13,7,0,,2
C-00131,control,2026-01-08,2,0,,1
C-00132,control,2026-01-08,2,0,,1
C-00133,control,2026-01-06,0,0,,4
C-00134,control,2026-02-01,26,0,,2
C-00135,control,2026-01-10,4,0,,2
C-00136,control,2026-01-15,9,0,,3
C-00137,control,2026-01-12,6,0,,3
C-00138,control,2026-01-31,25,1,16.0,6
C-00139,control,2026-01-14,8,0,,7
C-00140,control,2026-02-02,27,0,,2
C-00141,control,2026-01-12,6,1,1.0,12
C-00142,control,2026-01-14,8,0,,2
C-00143,control,2026-01-13,7,1,4.0,16
C-00144,control,2026-01-17,11,0,,2
C-00145,control,2026-01-07,1,1,18.0,14
C-00146,control,2026-01-06,0,0,,3
C-00147,control,2026-01-21,15,0,,3
C-00148,control,2026-01-28,22,0,,2
C-00149,control,2026-01-28,22,1,16.0,9
C-00150,control,2026-01-29,23,1,1.0,6
C-00151,control,2026-01-10,4,0,,3
C-00152,control,2026-01-08,2,0,,3
C-00153,control,2026-01-17,11,1,1.0,17
C-00154,control,2026-01-13,7,0,,3
C-00155,control,2026-01-27,21,1,1.0,10
C-00156,control,2026-02-01,26,1,1.0,14
C-00157,control,2026-01-08,2,0,,4
C-00158,control,2026-01-06,0,0,,6
C-00159,control,2026-01-08,2,0,,2
C-00160,control,2026-01-10,4,0,,2
C-00161,control,2026-01-20,14,1,4.0,10
C-00162,control,2026-01-19,13,0,,2
C-00163,control,2026-01-08,2,1,8.0,9
C-00164,control,2026-01-06,0,0,,2
C-00165,control,2026-01-10,4,1,20.0,11
C-00166,control,2026-01-31,25,0,,4
C-00167,control,2026-01-28,22,0,,2
C-00168,control,2026-01-19,13,0,,2
C-00169,control,2026-01-12,6,1,11.0,12
C-00170,control,2026-02-01,26,0,,2
C-00171,control,2026-01-14,8,1,6.0,15
C-00172,control,2026-01-20,14,0,,5
C-00173,control,2026-01-20,14,0,,3
C-00174,control,2026-01-31,25,0,,1
C-00175,control,2026-01-15,9,0,,3
C-00176,control,2026-02-02,27,0,,3
C-00177,control,2026-01-18,12,1,13.0,11
C-00178,control,2026-01-24,18,1,22.0,8
C-00179,control,2026-01-12,6,1,1.0,10
C-00180,control,2026-01-22,16,1,1.0,12
C-00181,control,2026-01-25,19,0,,2
C-00182,control,2026-01-09,3,0,,1
C-00183,control,2026-01-10,4,0,,1
C-00184,control,2026-01-28,22,1,7.0,16
C-00185,control,2026-01-12,6,0,,4
C-00186,control,2026-01-18,12,0,,5
C-00187,control,2026-01-20,14,0,,2
C-00188,control,2026-01-16,10,0,,3
C-00189,control,2026-01-09,3,1,11.0,9
C-00190,control,2026-01-18,12,1,27.0,15
C-00191,control,2026-01-12,6,0,,6
C-00192,control,2026-02-01,26,1,19.0,14
C-00193,control,2026-01-24,18,0,,3
C-00194,control,2026-01-27,21,0,,5
C-00195,control,2026-02-02,27,0,,3
C-00196,control,2026-01-07,1,0,,2
C-00197,control,2026-01-15,9,0,,3
C-00198,control,2026-01-18,12,1,2.0,15
C-00199,control,2026-01-30,24,0,,1
C-00200,control,2026-01-26,20,1,6.0,12
C-00201,control,2026-01-11,5,0,,4
C-00202,control,2026-02-02,27,0,,6
C-00203,control,2026-02-02,27,0,,2
C-00204,control,2026-01-17,11,0,,2
C-00205,control,2026-01-17,11,0,,2
C-00206,control,2026-01-25,19,1,1.0,13
C-00207,control,2026-01-16,10,0,,3
C-00208,control,2026-01-31,25,0,,2
C-00209,control,2026-01-28,22,0,,4
C-00210,control,2026-02-02,27,0,,1
C-00211,control,2026-01-30,24,0,,3
C-00212,control,2026-01-12,6,0,,2
C-00213,control,2026-01-06,0,0,,2
C-00214,control,2026-01-06,0,0,,4
C-00215,control,2026-01-30,24,0,,6
C-00216,control,2026-02-01,26,0,,4
C-00217,control,2026-01-30,24,0,,1
C-00218,control,2026-01-25,19,0,,2
C-00219,control,2026-01-18,12,1,1.0,12
C-00220,control,2026-01-14,8,0,,3
C-00221,control,2026-01-08,2,0,,3
C-00222,control,2026-01-12,6,0,,7
C-00223,control,2026-01-11,5,1,1.0,14
C-00224,control,2026-01-13,7,0,,2
C-00225,control,2026-02-01,26,0,,3
C-00226,control,2026-01-14,8,1,3.0,11
C-00227,control,2026-01-10,4,0,,4
C-00228,control,2026-01-06,0,0,,4
C-00229,control,2026-01-24,18,0,,2
C-00230,control,2026-01-15,9,0,,2
C-00231,control,2026-01-17,11,1,4.0,11
C-00232,control,2026-01-29,23,1,3.0,12
C-00233,control,2026-01-20,14,0,,2
C-00234,control,2026-02-01,26,0,,6
C-00235,control,2026-01-27,21,0,,3
C-00236,control,2026-01-29,23,0,,3
C-00237,control,2026-01-14,8,1,1.0,9
C-00238,control,2026-01-25,19,0,,4
C-00239,control,2026-01-22,16,0,,3
C-00240,control,2026-01-22,16,1,18.0,12
C-00241,control,2026-01-31,25,0,,1
C-00242,control,2026-01-25,19,1,9.0,6
C-00243,control,2026-01-17,11,0,,4
C-00244,control,2026-01-12,6,1,13.0,12
C-00245,control,2026-01-07,1,0,,4
C-00246,control,2026-01-08,2,0,,5
C-00247,control,2026-01-22,16,0,,1
C-00248,control,2026-01-10,4,0,,3
C-00249,control,2026-01-22,16,1,4.0,11
C-00250,control,2026-01-29,23,1,13.0,12
C-00251,control,2026-01-22,16,0,,3
C-00252,control,2026-02-01,26,0,,4
C-00253,control,2026-01-22,16,0,,3
C-00254,control,2026-01-07,1,0,,3
C-00255,control,2026-01-07,1,0,,2
C-00256,control,2026-02-02,27,1,9.0,17
C-00257,control,2026-01-27,21,0,,1
C-00258,control,2026-01-28,22,0,,5
C-00259,control,2026-01-10,4,0,,1
C-00260,control,2026-01-06,0,1,1.0,13
C-00261,control,2026-01-06,0,1,8.0,7
C-00262,control,2026-01-24,18,1,2.0,8
C-00263,control,2026-01-07,1,0,,6
C-00264,control,2026-01-26,20,0,,3
C-00265,control,2026-01-17,11,1,9.0,8
C-00266,control,2026-01-31,25,0,,1
C-00267,control,2026-01-11,5,0,,4
C-00268,control,2026-01-28,22,1,9.0,18
C-00269,control,2026-01-09,3,1,17.0,9
C-00270,control,2026-01-28,22,0,,3
C-00271,control,2026-01-16,10,1,1.0,10
C-00272,control,2026-01-29,23,0,,1
C-00273,control,2026-02-01,26,0,,2
C-00274,control,2026-01-22,16,0,,1
C-00275,control,2026-01-11,5,1,1.0,11
C-00276,control,2026-01-29,23,1,4.0,11
C-00277,control,2026-01-10,4,1,9.0,7
C-00278,control,2026-01-25,19,0,,2
C-00279,control,2026-01-07,1,1,11.0,14
C-00280,control,2026-01-11,5,1,14.0,10
C-00281,control,2026-01-27,21,0,,3
C-00282,control,2026-01-16,10,1,7.0,12
C-00283,control,2026-01-21,15,1,1.0,11
C-00284,control,2026-01-21,15,0,,3
C-00285,control,2026-01-06,0,0,,5
C-00286,control,2026-01-14,8,0,,4
C-00287,control,2026-02-02,27,0,,2
C-00288,control,2026-02-01,26,0,,3
C-00289,control,2026-01-11,5,1,2.0,9
C-00290,control,2026-01-21,15,0,,1
C-00291,control,2026-01-08,2,0,,5
C-00292,control,2026-01-25,19,0,,4
C-00293,control,2026-02-02,27,0,,4
C-00294,control,2026-02-01,26,0,,6
C-00295,control,2026-01-09,3,0,,2
C-00296,control,2026-01-24,18,0,,3
C-00297,control,2026-01-31,25,0,,3
C-00298,control,2026-01-08,2,0,,3
C-00299,control,2026-01-24,18,0,,3
C-00300,control,2026-01-25,19,1,1.0,14
C-00301,control,2026-01-12,6,0,,3
C-00302,control,2026-01-25,19,1,1.0,11
C-00303,control,2026-01-14,8,0,,2
C-00304,control,2026-01-06,0,0,,2
C-00305,control,2026-01-13,7,1,1.0,11
C-00306,control,2026-01-12,6,0,,1
C-00307,control,2026-01-23,17,0,,1
C-00308,control,2026-01-13,7,0,,2
C-00309,control,2026-01-06,0,0,,2
C-00310,control,2026-01-16,10,0,,4
C-00311,control,2026-02-02,27,0,,2
C-00312,control,2026-01-30,24,0,,1
C-00313,control,2026-01-30,24,0,,3
C-00314,control,2026-01-23,17,1,11.0,10
C-00315,control,2026-01-28,22,1,9.0,11
C-00316,control,2026-01-15,9,1,5.0,10
C-00317,control,2026-01-08,2,0,,1
C-00318,control,2026-01-12,6,1,2.0,6
C-00319,control,2026-02-02,27,0,,4
C-00320,control,2026-01-21,15,0,,2
C-00321,control,2026-01-31,25,0,,2
C-00322,control,2026-01-21,15,1,7.0,15
C-00323,control,2026-01-30,24,0,,2
C-00324,control,2026-01-25,19,0,,1
C-00325,control,2026-02-02,27,0,,1
C-00326,control,2026-01-22,16,1,2.0,12
C-00327,control,2026-01-07,1,1,2.0,8
C-00328,control,2026-01-06,0,1,1.0,15
C-00329,control,2026-01-21,15,0,,5
C-00330,control,2026-01-17,11,0,,3
C-00331,control,2026-01-10,4,0,,3
C-00332,control,2026-01-10,4,0,,3
C-00333,control,2026-02-01,26,0,,2
C-00334,control,2026-01-28,22,1,4.0,9
C-00335,control,2026-01-14,8,1,9.0,15
C-00336,control,2026-01-14,8,1,1.0,13
C-00337,control,2026-01-08,2,1,4.0,11
C-00338,control,2026-01-24,18,1,4.0,11
C-00339,control,2026-01-21,15,0,,3
C-00340,control,2026-01-21,15,0,,3
C-00341,control,2026-01-08,2,1,12.0,14
C-00342,control,2026-01-25,19,0,,1
C-00343,control,2026-01-29,23,1,1.0,11
C-00344,control,2026-01-27,21,0,,2
C-00345,control,2026-01-29,23,0,,5
C-00346,control,2026-01-06,0,1,6.0,5
C-00347,control,2026-01-29,23,1,4.0,9
C-00348,control,2026-01-25,19,1,14.0,6
C-00349,control,2026-01-16,10,0,,3
C-00350,control,2026-01-22,16,1,9.0,15
C-00351,control,2026-01-13,7,0,,6
C-00352,control,2026-01-09,3,0,,3
C-00353,control,2026-01-11,5,0,,3
C-00354,control,2026-01-13,7,0,,2
C-00355,control,2026-01-25,19,0,,3
C-00356,control,2026-01-08,2,1,12.0,14
C-00357,control,2026-01-21,15,1,7.0,8
C-00358,control,2026-01-30,24,0,,2
C-00359,control,2026-01-08,2,0,,4
C-00360,control,2026-01-30,24,1,1.0,6
C-00361,control,2026-01-23,17,1,3.0,13
C-00362,control,2026-01-19,13,1,11.0,10
C-00363,control,2026-01-23,17,0,,3
C-00364,control,2026-01-07,1,0,,3
C-00365,control,2026-01-27,21,0,,2
C-00366,control,2026-01-08,2,0,,5
C-00367,control,2026-01-21,15,0,,3
C-00368,control,2026-01-14,8,1,24.0,7
C-00369,control,2026-01-09,3,0,,5
C-00370,control,2026-01-06,0,0,,1
C-00371,control,2026-01-09,3,0,,5
C-00372,control,2026-01-06,0,0,,4
C-00373,control,2026-01-19,13,0,,3
C-00374,control,2026-01-26,20,0,,3
C-00375,control,2026-01-21,15,0,,3
C-00376,control,2026-01-25,19,1,4.0,8
C-00377,control,2026-01-29,23,1,6.0,6
C-00378,control,2026-01-13,7,0,,2
C-00379,control,2026-01-12,6,0,,3
C-00380,control,2026-01-08,2,1,10.0,13
C-00381,control,2026-01-22,16,0,,3
C-00382,control,2026-01-06,0,0,,1
C-00383,control,2026-01-21,15,1,4.0,8
C-00384,control,2026-01-17,11,0,,4
C-00385,control,2026-02-01,26,0,,3
C-00386,control,2026-01-24,18,0,,5
C-00387,control,2026-01-27,21,0,,2
C-00388,control,2026-01-28,22,0,,5
C-00389,control,2026-01-27,21,1,12.0,9
C-00390,control,2026-01-19,13,0,,2
C-00391,control,2026-01-11,5,0,,2
C-00392,control,2026-01-11,5,1,18.0,10
C-00393,control,2026-01-18,12,0,,2
C-00394,control,2026-01-24,18,0,,3
C-00395,control,2026-01-27,21,1,8.0,12
C-00396,control,2026-01-13,7,0,,3
C-00397,control,2026-02-01,26,1,1.0,16
C-00398,control,2026-02-01,26,1,3.0,12
C-00399,control,2026-01-07,1,0,,4
C-00400,control,2026-01-26,20,0,,4
C-00401,control,2026-01-06,0,1,5.0,10
C-00402,control,2026-02-02,27,0,,2
C-00403,control,2026-01-20,14,1,6.0,9
C-00404,control,2026-01-06,0,0,,6
C-00405,control,2026-01-10,4,0,,1
C-00406,control,2026-02-02,27,0,,1
C-00407,control,2026-01-21,15,1,1.0,11
C-00408,control,2026-01-24,18,1,4.0,6
C-00409,control,2026-01-09,3,0,,2
C-00410,control,2026-01-08,2,0,,3
C-00411,control,2026-01-22,16,1,5.0,15
C-00412,control,2026-01-22,16,0,,5
C-00413,control,2026-01-17,11,0,,2
C-00414,control,2026-02-02,27,1,3.0,9
C-00415,control,2026-01-19,13,0,,2
C-00416,control,2026-01-26,20,1,6.0,10
C-00417,control,2026-01-11,5,0,,3
C-00418,control,2026-01-08,2,0,,4
C-00419,control,2026-02-02,27,0,,3
C-00420,control,2026-01-14,8,1,1.0,11
C-00421,control,2026-01-10,4,0,,1
C-00422,control,2026-01-29,23,0,,5
C-00423,control,2026-01-22,16,0,,2
C-00424,control,2026-01-19,13,1,5.0,10
C-00425,control,2026-01-26,20,0,,3
C-00426,control,2026-01-08,2,0,,4
C-00427,control,2026-02-02,27,0,,4
C-00428,control,2026-01-06,0,0,,1
C-00429,control,2026-01-25,19,0,,3
C-00430,control,2026-01-26,20,1,2.0,8
C-00431,control,2026-01-28,22,0,,2
C-00432,control,2026-01-06,0,1,5.0,10
C-00433,control,2026-01-08,2,0,,3
C-00434,control,2026-01-23,17,1,8.0,11
C-00435,control,2026-01-30,24,0,,2
C-00436,control,2026-01-15,9,0,,2
C-00437,control,2026-01-27,21,1,2.0,8
C-00438,control,2026-01-31,25,1,1.0,8
C-00439,control,2026-01-08,2,0,,6
C-00440,control,2026-01-13,7,0,,5
C-00441,control,2026-01-19,13,1,2.0,13
C-00442,control,2026-01-29,23,0,,1
C-00443,control,2026-01-23,17,1,1.0,13
C-00444,control,2026-01-20,14,1,15.0,8
C-00445,control,2026-01-27,21,0,,4
C-00446,control,2026-01-28,22,0,,1
C-00447,control,2026-01-07,1,0,,3
C-00448,control,2026-02-01,26,0,,4
C-00449,control,2026-01-15,9,0,,3
C-00450,control,2026-01-07,1,1,1.0,9
C-00451,control,2026-01-31,25,0,,3
C-00452,control,2026-01-22,16,1,4.0,14
C-00453,control,2026-01-13,7,0,,2
C-00454,control,2026-01-06,0,0,,3
C-00455,control,2026-01-14,8,0,,2
C-00456,control,2026-01-16,10,0,,1
C-00457,control,2026-01-27,21,0,,1
C-00458,control,2026-01-21,15,0,,1
C-00459,control,2026-01-12,6,1,6.0,15
C-00460,control,2026-01-15,9,0,,4
C-00461,control,2026-01-28,22,0,,5
C-00462,control,2026-01-31,25,0,,3
C-00463,control,2026-01-08,2,0,,4
C-00464,control,2026-01-23,17,0,,1
C-00465,control,2026-01-30,24,0,,3
C-00466,control,2026-01-29,23,0,,4
C-00467,control,2026-01-18,12,0,,1
C-00468,control,2026-02-02,27,0,,4
C-00469,control,2026-01-31,25,1,12.0,8
C-00470,control,2026-01-12,6,0,,5
C-00471,control,2026-01-30,24,0,,3
C-00472,control,2026-01-09,3,0,,4
C-00473,control,2026-01-18,12,0,,1
C-00474,control,2026-01-25,19,1,5.0,13
C-00475,control,2026-01-06,0,0,,2
C-00476,control,2026-01-13,7,0,,2
C-00477,control,2026-01-19,13,0,,4
C-00478,control,2026-01-21,15,0,,2
C-00479,control,2026-01-19,13,0,,4
C-00480,control,2026-01-17,11,0,,2
C-00481,control,2026-01-24,18,1,6.0,15
C-00482,control,2026-01-28,22,0,,2
C-00483,control,2026-01-20,14,0,,1
C-00484,control,2026-02-02,27,0,,2
C-00485,control,2026-01-07,1,0,,3
C-00486,control,2026-01-07,1,0,,4
C-00487,control,2026-01-28,22,1,1.0,11
C-00488,control,2026-01-27,21,1,6.0,8
C-00489,control,2026-01-24,18,0,,2
C-00490,control,2026-01-30,24,1,1.0,10
C-00491,control,2026-01-31,25,1,3.0,12
C-00492,control,2026-01-27,21,1,1.0,7
C-00493,control,2026-01-31,25,0,,6
C-00494,control,2026-01-31,25,1,3.0,8
C-00495,control,2026-01-27,21,0,,2
C-00496,control,2026-01-22,16,1,11.0,11
C-00497,control,2026-01-25,19,0,,3
C-00498,control,2026-01-15,9,0,,2
C-00499,control,2026-01-11,5,1,5.0,13
C-00500,control,2026-01-20,14,0,,5
C-00501,control,2026-01-27,21,1,7.0,16
C-00502,control,2026-01-16,10,1,7.0,14
C-00503,control,2026-02-02,27,0,,3
C-00504,control,2026-01-10,4,0,,3
C-00505,control,2026-01-06,0,1,1.0,15
C-00506,control,2026-01-13,7,0,,9
C-00507,control,2026-01-26,20,0,,2
C-00508,control,2026-02-02,27,1,2.0,8
C-00509,control,2026-01-17,11,0,,2
C-00510,control,2026-01-17,11,0,,6
C-00511,control,2026-01-10,4,1,9.0,13
C-00512,control,2026-01-12,6,0,,4
C-00513,control,2026-01-09,3,0,,2
C-00514,control,2026-01-11,5,1,4.0,12
C-00515,control,2026-01-18,12,0,,3
C-00516,control,2026-01-25,19,1,13.0,7
C-00517,control,2026-01-20,14,1,3.0,6
C-00518,control,2026-01-08,2,1,2.0,9
C-00519,control,2026-01-28,22,0,,4
C-00520,control,2026-01-13,7,0,,2
C-00521,control,2026-01-25,19,0,,2
C-00522,control,2026-01-21,15,1,1.0,8
C-00523,control,2026-01-18,12,1,1.0,12
C-00524,control,2026-01-23,17,0,,2
C-00525,control,2026-02-02,27,0,,6
C-00526,control,2026-01-15,9,0,,2
C-00527,control,2026-01-24,18,0,,2
C-00528,control,2026-01-22,16,1,5.0,15
C-00529,control,2026-01-29,23,0,,6
C-00530,control,2026-01-24,18,1,1.0,7
C-00531,control,2026-02-02,27,1,13.0,13
C-00532,control,2026-01-31,25,0,,3
C-00533,control,2026-01-28,22,0,,5
C-00534,control,2026-01-31,25,0,,2
C-00535,control,2026-01-10,4,0,,3
C-00536,control,2026-01-31,25,1,12.0,13
C-00537,control,2026-01-26,20,1,9.0,12
C-00538,control,2026-01-28,22,1,10.0,11
C-00539,control,2026-01-14,8,0,,1
C-00540,control,2026-01-17,11,0,,5
C-00541,control,2026-01-26,20,1,2.0,8
C-00542,control,2026-01-06,0,0,,3
C-00543,control,2026-01-31,25,0,,3
C-00544,control,2026-01-31,25,0,,5
C-00545,control,2026-01-06,0,1,8.0,6
C-00546,control,2026-01-20,14,0,,2
C-00547,control,2026-01-07,1,0,,7
C-00548,control,2026-01-27,21,1,2.0,9
C-00549,control,2026-01-21,15,0,,2
C-00550,control,2026-01-30,24,0,,5
C-00551,control,2026-01-13,7,0,,5
C-00552,control,2026-01-18,12,1,1.0,10
C-00553,control,2026-01-26,20,0,,6
C-00554,control,2026-01-06,0,0,,6
C-00555,control,2026-01-21,15,0,,4
C-00556,control,2026-01-12,6,1,10.0,10
C-00557,control,2026-01-10,4,0,,2
C-00558,control,2026-01-27,21,1,4.0,9
C-00559,control,2026-01-28,22,1,1.0,9
C-00560,control,2026-01-08,2,0,,4
C-00561,control,2026-01-17,11,1,8.0,9
C-00562,control,2026-01-31,25,0,,4
C-00563,control,2026-01-21,15,1,16.0,9
C-00564,control,2026-01-24,18,0,,2
C-00565,control,2026-01-10,4,1,1.0,8
C-00566,control,2026-01-27,21,0,,2
C-00567,control,2026-01-30,24,0,,5
C-00568,control,2026-01-19,13,0,,3
C-00569,control,2026-02-02,27,0,,3
C-00570,control,2026-01-10,4,0,,2
C-00571,control,2026-01-20,14,0,,3
C-00572,control,2026-01-22,16,0,,2
C-00573,control,2026-01-19,13,0,,3
C-00574,control,2026-01-25,19,1,2.0,17
C-00575,control,2026-01-10,4,0,,2
C-00576,control,2026-01-17,11,0,,4
C-00577,control,2026-01-21,15,0,,3
C-00578,control,2026-01-31,25,0,,5
C-00579,control,2026-01-31,25,1,10.0,11
C-00580,control,2026-01-21,15,0,,2
C-00581,control,2026-01-26,20,1,4.0,15
C-00582,control,2026-01-12,6,1,13.0,12
C-00583,control,2026-01-09,3,1,9.0,9
C-00584,control,2026-01-06,0,1,11.0,13
C-00585,control,2026-01-10,4,1,1.0,14
C-00586,control,2026-01-28,22,1,1.0,7
C-00587,control,2026-01-31,25,0,,1
C-00588,control,2026-01-15,9,0,,1
C-00589,control,2026-01-27,21,0,,4
C-00590,control,2026-01-10,4,0,,3
C-00591,control,2026-01-09,3,0,,1
C-00592,control,2026-01-07,1,0,,2
C-00593,control,2026-01-25,19,0,,1
C-00594,control,2026-01-15,9,0,,2
C-00595,control,2026-01-31,25,0,,1
C-00596,control,2026-01-24,18,0,,3
C-00597,control,2026-01-31,25,0,,5
C-00598,control,2026-01-06,0,0,,5
C-00599,control,2026-01-29,23,0,,3
C-00600,control,2026-01-10,4,1,7.0,8
C-00601,control,2026-01-18,12,0,,4
C-00602,control,2026-01-09,3,0,,6
C-00603,control,2026-01-21,15,1,2.0,7
C-00604,control,2026-01-29,23,0,,3
C-00605,control,2026-01-21,15,0,,2
C-00606,control,2026-01-28,22,1,10.0,9
C-00607,control,2026-01-07,1,1,9.0,9
C-00608,control,2026-01-22,16,0,,1
C-00609,control,2026-02-02,27,0,,1
C-00610,control,2026-02-01,26,1,1.0,9
C-00611,control,2026-01-25,19,0,,4
C-00612,control,2026-01-29,23,0,,2
C-00613,control,2026-01-17,11,1,3.0,13
C-00614,control,2026-01-23,17,0,,4
C-00615,control,2026-01-08,2,0,,3
C-00616,control,2026-02-02,27,0,,2
C-00617,control,2026-01-06,0,1,3.0,12
C-00618,control,2026-01-06,0,0,,1
C-00619,control,2026-01-24,18,0,,3
C-00620,control,2026-01-16,10,0,,1
C-00621,control,2026-01-10,4,0,,2
C-00622,control,2026-01-17,11,0,,5
C-00623,control,2026-01-08,2,1,2.0,15
C-00624,control,2026-01-06,0,0,,1
C-00625,control,2026-01-06,0,0,,5
C-00626,control,2026-01-13,7,1,6.0,12
C-00627,control,2026-01-15,9,0,,4
C-00628,control,2026-01-16,10,1,2.0,10
C-00629,control,2026-01-17,11,0,,7
C-00630,control,2026-01-18,12,1,3.0,13
C-00631,control,2026-01-17,11,0,,4
C-00632,control,2026-01-19,13,1,15.0,13
C-00633,control,2026-01-07,1,0,,2
C-00634,control,2026-01-24,18,0,,3
C-00635,control,2026-01-23,17,0,,2
C-00636,control,2026-01-08,2,0,,2
C-00637,control,2026-01-28,22,0,,2
C-00638,control,2026-01-22,16,1,5.0,10
C-00639,control,2026-01-31,25,0,,3
C-00640,control,2026-01-13,7,1,5.0,11
C-00641,control,2026-01-31,25,0,,3
C-00642,control,2026-01-15,9,0,,1
C-00643,control,2026-01-31,25,0,,3
C-00644,control,2026-01-07,1,0,,3
C-00645,control,2026-01-24,18,1,2.0,8
C-00646,control,2026-01-14,8,1,1.0,12
C-00647,control,2026-01-12,6,0,,4
C-00648,control,2026-01-09,3,0,,2
C-00649,control,2026-01-31,25,0,,4
C-00650,control,2026-01-26,20,1,1.0,13
C-00651,control,2026-01-23,17,0,,2
C-00652,control,2026-01-18,12,0,,4
C-00653,control,2026-01-16,10,1,1.0,11
C-00654,control,2026-01-29,23,0,,4
C-00655,control,2026-01-09,3,0,,1
C-00656,control,2026-01-30,24,0,,3
C-00657,control,2026-01-26,20,1,1.0,7
C-00658,control,2026-01-30,24,0,,5
C-00659,control,2026-01-09,3,0,,2
C-00660,control,2026-01-15,9,0,,2
C-00661,control,2026-01-10,4,0,,2
C-00662,control,2026-01-14,8,0,,7
C-00663,control,2026-01-29,23,0,,3
C-00664,control,2026-01-08,2,0,,4
C-00665,control,2026-01-22,16,0,,2
C-00666,control,2026-01-08,2,0,,1
C-00667,control,2026-01-21,15,0,,2
C-00668,control,2026-01-09,3,1,1.0,12
C-00669,control,2026-01-23,17,0,,2
C-00670,control,2026-01-22,16,1,11.0,15
C-00671,control,2026-01-12,6,1,1.0,10
C-00672,control,2026-01-29,23,0,,3
C-00673,control,2026-01-28,22,0,,2
C-00674,control,2026-01-10,4,0,,6
C-00675,control,2026-01-17,11,0,,2
C-00676,control,2026-01-22,16,0,,2
C-00677,control,2026-01-28,22,0,,6
C-00678,control,2026-01-18,12,0,,2
C-00679,control,2026-01-28,22,1,7.0,11
C-00680,control,2026-01-30,24,0,,1
C-00681,control,2026-01-08,2,1,2.0,6
C-00682,control,2026-01-14,8,0,,2
C-00683,control,2026-01-22,16,1,1.0,9
C-00684,control,2026-01-22,16,0,,3
C-00685,control,2026-01-25,19,0,,2
C-00686,control,2026-01-21,15,0,,2
C-00687,control,2026-01-30,24,0,,2
C-00688,control,2026-01-27,21,0,,2
C-00689,control,2026-01-18,12,1,4.0,14
C-00690,control,2026-02-01,26,0,,2
C-00691,control,2026-01-24,18,0,,2
C-00692,control,2026-01-22,16,1,13.0,15
C-00693,control,2026-01-09,3,1,1.0,9
C-00694,control,2026-01-17,11,0,,2
C-00695,control,2026-01-14,8,0,,4
C-00696,control,2026-01-24,18,0,,3
C-00697,control,2026-01-17,11,0,,2
C-00698,control,2026-01-14,8,1,11.0,12
C-00699,control,2026-01-12,6,1,2.0,14
C-00700,control,2026-02-02,27,1,1.0,13
C-00701,control,2026-01-19,13,1,3.0,13
C-00702,control,2026-01-25,19,0,,4
C-00703,control,2026-01-24,18,1,1.0,12
C-00704,control,2026-01-31,25,1,4.0,14
C-00705,control,2026-01-20,14,0,,2
C-00706,control,2026-01-21,15,1,7.0,7
C-00707,control,2026-01-26,20,0,,1
C-00708,control,2026-01-10,4,0,,1
C-00709,control,2026-01-08,2,1,26.0,11
C-00710,control,2026-01-17,11,0,,1
C-00711,control,2026-01-30,24,0,,3
C-00712,control,2026-01-25,19,0,,3
C-00713,control,2026-02-01,26,0,,5
C-00714,control,2026-01-26,20,1,1.0,10
C-00715,control,2026-01-09,3,0,,5
C-00716,control,2026-01-26,20,0,,3
C-00717,control,2026-01-28,22,1,1.0,14
C-00718,control,2026-01-21,15,0,,3
C-00719,control,2026-01-30,24,0,,3
C-00720,control,2026-01-12,6,0,,2
C-00721,control,2026-01-18,12,1,1.0,12
C-00722,control,2026-01-26,20,0,,2
C-00723,control,2026-01-15,9,0,,3
C-00724,control,2026-01-31,25,0,,4
C-00725,control,2026-01-12,6,0,,4
C-00726,control,2026-01-19,13,0,,5
C-00727,control,2026-01-31,25,0,,3
C-00728,control,2026-01-10,4,0,,2
C-00729,control,2026-01-08,2,1,1.0,11
C-00730,control,2026-01-28,22,0,,3
C-00731,control,2026-01-16,10,1,3.0,8
C-00732,control,2026-01-16,10,1,1.0,12
C-00733,control,2026-01-23,17,1,6.0,8
C-00734,control,2026-01-20,14,1,7.0,12
C-00735,control,2026-01-17,11,0,,2
C-00736,control,2026-01-14,8,0,,6
C-00737,control,2026-01-15,9,0,,3
C-00738,control,2026-01-31,25,0,,4
C-00739,control,2026-01-17,11,1,2.0,11
C-00740,control,2026-01-22,16,1,6.0,9
C-00741,control,2026-01-11,5,0,,1
C-00742,control,2026-01-12,6,0,,6
C-00743,control,2026-01-19,13,1,1.0,11
C-00744,control,2026-01-18,12,0,,3
C-00745,control,2026-01-13,7,0,,2
C-00746,control,2026-01-15,9,1,1.0,9
C-00747,control,2026-01-14,8,0,,4
C-00748,control,2026-01-23,17,0,,2
C-00749,control,2026-02-01,26,0,,1
C-00750,control,2026-01-31,25,1,1.0,12
C-00751,control,2026-01-07,1,0,,4
C-00752,control,2026-01-10,4,0,,2
C-00753,control,2026-01-10,4,0,,2
C-00754,control,2026-01-11,5,0,,3
C-00755,control,2026-01-24,18,0,,3
C-00756,control,2026-01-13,7,1,2.0,10
C-00757,control,2026-01-21,15,0,,3
C-00758,control,2026-01-18,12,1,1.0,11
C-00759,control,2026-01-06,0,0,,2
C-00760,control,2026-01-27,21,0,,3
C-00761,control,2026-01-25,19,0,,3
C-00762,control,2026-01-22,16,0,,3
C-00763,control,2026-01-12,6,0,,4
C-00764,control,2026-01-30,24,0,,3
C-00765,control,2026-01-18,12,0,,4
C-00766,control,2026-01-09,3,0,,3
C-00767,control,2026-01-09,3,0,,1
C-00768,control,2026-01-11,5,1,5.0,13
C-00769,control,2026-02-02,27,1,13.0,18
C-00770,control,2026-01-24,18,0,,2
C-00771,control,2026-01-17,11,0,,8
C-00772,control,2026-01-27,21,0,,4
C-00773,control,2026-01-12,6,0,,3
C-00774,control,2026-02-01,26,0,,3
C-00775,control,2026-01-15,9,1,19.0,10
C-00776,control,2026-01-31,25,0,,5
C-00777,control,2026-01-24,18,0,,2
C-00778,control,2026-01-12,6,1,9.0,8
C-00779,control,2026-01-08,2,0,,3
C-00780,control,2026-01-18,12,1,13.0,14
C-00781,control,2026-01-18,12,0,,1
C-00782,control,2026-01-23,17,0,,2
C-00783,control,2026-02-02,27,0,,5
C-00784,control,2026-01-31,25,0,,1
C-00785,control,2026-01-25,19,1,9.0,15
C-00786,control,2026-02-02,27,0,,3
C-00787,control,2026-01-13,7,1,1.0,9
C-00788,control,2026-01-14,8,0,,4
C-00789,control,2026-01-12,6,0,,5
C-00790,control,2026-01-06,0,0,,2
C-00791,control,2026-01-08,2,0,,1
C-00792,control,2026-01-18,12,1,3.0,12
C-00793,control,2026-02-02,27,0,,5
C-00794,control,2026-01-30,24,0,,3
C-00795,control,2026-02-02,27,0,,4
C-00796,control,2026-01-22,16,0,,3
C-00797,control,2026-01-30,24,0,,4
C-00798,control,2026-01-29,23,0,,2
C-00799,control,2026-01-06,0,1,8.0,5
C-00800,control,2026-01-11,5,0,,4
C-00801,control,2026-01-26,20,0,,3
C-00802,control,2026-01-11,5,0,,6
C-00803,control,2026-01-31,25,0,,2
C-00804,control,2026-01-17,11,1,3.0,15
C-00805,control,2026-01-18,12,0,,5
C-00806,control,2026-01-18,12,0,,4
C-00807,control,2026-01-20,14,0,,2
C-00808,control,2026-01-26,20,0,,3
C-00809,control,2026-01-21,15,0,,2
C-00810,control,2026-01-27,21,1,4.0,8
C-00811,control,2026-01-26,20,1,2.0,8
C-00812,control,2026-01-16,10,1,3.0,8
C-00813,control,2026-02-02,27,0,,6
C-00814,control,2026-01-10,4,0,,4
C-00815,control,2026-01-09,3,0,,6
C-00816,control,2026-01-08,2,0,,6
C-00817,control,2026-01-24,18,1,7.0,7
C-00818,control,2026-01-25,19,0,,1
C-00819,control,2026-01-30,24,1,1.0,10
C-00820,control,2026-01-23,17,1,1.0,9
C-00821,control,2026-01-20,14,0,,5
C-00822,control,2026-01-14,8,0,,3
C-00823,control,2026-01-22,16,0,,4
C-00824,control,2026-01-19,13,0,,4
C-00825,control,2026-01-20,14,1,4.0,10
C-00826,control,2026-01-06,0,0,,3
C-00827,control,2026-01-26,20,0,,3
C-00828,control,2026-01-27,21,0,,1
C-00829,control,2026-01-27,21,1,6.0,18
C-00830,control,2026-01-08,2,0,,2
C-00831,control,2026-01-21,15,1,10.0,11
C-00832,control,2026-01-28,22,0,,2
C-00833,control,2026-01-30,24,1,2.0,7
C-00834,control,2026-01-16,10,1,4.0,16
C-00835,control,2026-01-17,11,0,,2
C-00836,control,2026-01-15,9,0,,2
C-00837,control,2026-01-21,15,1,4.0,12
C-00838,control,2026-01-13,7,0,,1
C-00839,control,2026-01-11,5,1,1.0,10
C-00840,control,2026-01-17,11,0,,5
C-00841,control,2026-01-29,23,1,1.0,9
C-00842,control,2026-02-02,27,1,5.0,10
C-00843,control,2026-01-26,20,1,15.0,8
C-00844,control,2026-01-13,7,0,,3
C-00845,control,2026-01-31,25,0,,1
C-00846,control,2026-02-02,27,0,,3
C-00847,control,2026-01-09,3,0,,1
C-00848,control,2026-01-31,25,0,,3
C-00849,control,2026-01-13,7,0,,3
C-00850,control,2026-01-31,25,1,6.0,16
C-00851,control,2026-02-02,27,0,,4
C-00852,control,2026-01-23,17,0,,4
C-00853,control,2026-02-02,27,1,4.0,16
C-00854,control,2026-02-02,27,0,,2
C-00855,control,2026-01-10,4,0,,4
C-00856,control,2026-01-14,8,1,1.0,9
C-00857,control,2026-01-09,3,1,1.0,11
C-00858,control,2026-02-01,26,0,,3
C-00859,control,2026-01-27,21,0,,3
C-00860,control,2026-01-22,16,1,4.0,13
C-00861,control,2026-01-14,8,0,,3
C-00862,control,2026-01-06,0,0,,3
C-00863,control,2026-01-26,20,0,,3
C-00864,control,2026-01-25,19,0,,1
C-00865,control,2026-01-18,12,0,,2
C-00866,control,2026-02-02,27,0,,2
C-00867,control,2026-01-21,15,0,,1
C-00868,control,2026-01-18,12,1,7.0,8
C-00869,control,2026-01-19,13,0,,2
C-00870,control,2026-01-08,2,1,6.0,13
C-00871,control,2026-01-11,5,1,19.0,15
C-00872,control,2026-01-23,17,0,,4
C-00873,control,2026-01-24,18,0,,4
C-00874,control,2026-01-10,4,0,,3
C-00875,control,2026-01-20,14,0,,2
C-00876,control,2026-01-30,24,1,9.0,13
C-00877,control,2026-01-07,1,0,,1
C-00878,control,2026-01-15,9,1,14.0,9
C-00879,control,2026-01-29,23,0,,3
C-00880,control,2026-01-23,17,0,,2
C-00881,control,2026-02-01,26,0,,4
C-00882,control,2026-01-18,12,0,,3
C-00883,control,2026-01-10,4,0,,3
C-00884,control,2026-01-28,22,0,,6
C-00885,control,2026-01-29,23,0,,2
C-00886,control,2026-01-06,0,0,,5
C-00887,control,2026-01-27,21,1,1.0,10
C-00888,control,2026-01-06,0,0,,3
C-00889,control,2026-01-23,17,1,1.0,8
C-00890,control,2026-01-20,14,1,2.0,8
C-00891,control,2026-01-22,16,1,1.0,10
C-00892,control,2026-01-16,10,0,,2
C-00893,control,2026-01-26,20,1,1.0,17
C-00894,control,2026-01-31,25,0,,5
C-00895,control,2026-01-30,24,0,,2
C-00896,control,2026-01-27,21,0,,6
C-00897,control,2026-02-01,26,1,15.0,6
C-00898,control,2026-02-01,26,0,,5
C-00899,control,2026-01-22,16,1,1.0,9
C-00900,control,2026-01-18,12,0,,2
C-00901,control,2026-01-06,0,1,2.0,13
C-00902,control,2026-01-07,1,1,5.0,10
C-00903,control,2026-01-14,8,0,,3
C-00904,control,2026-01-08,2,1,2.0,13
C-00905,control,2026-01-06,0,0,,2
C-00906,control,2026-01-26,20,0,,4
C-00907,control,2026-01-21,15,0,,3
C-00908,control,2026-01-28,22,0,,2
C-00909,control,2026-01-11,5,0,,3
C-00910,control,2026-02-02,27,0,,2
C-00911,control,2026-01-22,16,0,,4
C-00912,control,2026-01-10,4,1,5.0,15
C-00913,control,2026-01-10,4,1,13.0,12
C-00914,control,2026-01-11,5,1,1.0,12
C-00915,control,2026-01-08,2,1,8.0,12
C-00916,control,2026-01-26,20,1,7.0,6
C-00917,control,2026-01-28,22,0,,3
C-00918,control,2026-01-10,4,0,,2
C-00919,control,2026-01-26,20,1,4.0,7
C-00920,control,2026-01-10,4,0,,1
C-00921,control,2026-01-15,9,1,7.0,13
C-00922,control,2026-01-15,9,0,,2
C-00923,control,2026-01-24,18,0,,2
C-00924,control,2026-01-22,16,0,,1
C-00925,control,2026-01-26,20,0,,4
C-00926,control,2026-01-19,13,0,,6
C-00927,control,2026-01-14,8,1,1.0,10
C-00928,control,2026-01-19,13,0,,2
C-00929,control,2026-01-06,0,0,,2
C-00930,control,2026-01-24,18,1,5.0,12
C-00931,control,2026-01-18,12,1,8.0,12
C-00932,control,2026-01-18,12,0,,2
C-00933,control,2026-01-09,3,1,2.0,11
C-00934,control,2026-01-06,0,0,,2
C-00935,control,2026-01-22,16,0,,4
C-00936,control,2026-01-13,7,0,,5
C-00937,control,2026-01-07,1,1,2.0,11
C-00938,control,2026-02-02,27,0,,5
C-00939,control,2026-01-13,7,0,,5
C-00940,control,2026-01-12,6,1,1.0,16
C-00941,control,2026-01-31,25,0,,4
C-00942,control,2026-01-31,25,0,,3
C-00943,control,2026-01-07,1,0,,5
C-00944,control,2026-01-27,21,0,,2
C-00945,control,2026-01-27,21,0,,2
C-00946,control,2026-01-08,2,0,,1
C-00947,control,2026-02-01,26,1,1.0,10
C-00948,control,2026-01-23,17,0,,2
C-00949,control,2026-01-17,11,0,,1
C-00950,control,2026-01-06,0,0,,2
C-00951,control,2026-01-27,21,0,,2
C-00952,control,2026-01-17,11,0,,2
C-00953,control,2026-01-10,4,1,10.0,9
C-00954,control,2026-02-01,26,0,,4
C-00955,control,2026-01-30,24,1,1.0,11
C-00956,control,2026-01-22,16,1,13.0,8
C-00957,control,2026-01-21,15,0,,1
C-00958,control,2026-01-20,14,1,4.0,8
C-00959,control,2026-01-28,22,0,,3
C-00960,control,2026-01-20,14,0,,2
C-00961,control,2026-01-10,4,0,,3
C-00962,control,2026-01-26,20,0,,3
C-00963,control,2026-01-19,13,0,,3
C-00964,control,2026-01-07,1,0,,2
C-00965,control,2026-01-16,10,0,,1
C-00966,control,2026-01-24,18,0,,2
C-00967,control,2026-01-12,6,0,,1
C-00968,control,2026-01-11,5,1,19.0,9
C-00969,control,2026-02-02,27,1,7.0,10
C-00970,control,2026-01-07,1,0,,3
C-00971,control,2026-01-11,5,0,,1
C-00972,control,2026-01-23,17,1,4.0,9
C-00973,control,2026-01-07,1,1,1.0,15
C-00974,control,2026-01-23,17,1,2.0,14
C-00975,control,2026-01-20,14,0,,4
C-00976,control,2026-02-01,26,0,,1
C-00977,control,2026-01-24,18,0,,5
C-00978,control,2026-01-07,1,0,,2
C-00979,control,2026-01-25,19,1,9.0,12
C-00980,control,2026-01-30,24,1,8.0,10
C-00981,control,2026-01-11,5,0,,2
C-00982,control,2026-01-06,0,1,4.0,12
C-00983,control,2026-01-29,23,0,,4
C-00984,control,2026-01-20,14,0,,3
C-00985,control,2026-02-02,27,0,,1
C-00986,control,2026-01-28,22,1,3.0,11
C-00987,control,2026-01-15,9,0,,1
C-00988,control,2026-01-24,18,1,2.0,15
C-00989,control,2026-01-22,16,1,8.0,15
C-00990,control,2026-01-10,4,0,,3
C-00991,control,2026-01-09,3,0,,4
C-00992,control,2026-01-15,9,1,3.0,15
C-00993,control,2026-01-29,23,0,,4
C-00994,control,2026-01-22,16,1,9.0,9
C-00995,control,2026-01-15,9,1,1.0,12
C-00996,control,2026-01-22,16,0,,3
C-00997,control,2026-02-02,27,0,,4
C-00998,control,2026-01-25,19,1,1.0,12
C-00999,control,2026-01-29,23,0,,3
C-01000,control,2026-01-10,4,0,,3
C-01001,control,2026-01-07,1,0,,3
C-01002,control,2026-01-11,5,0,,2
C-01003,control,2026-01-26,20,1,1.0,8
C-01004,control,2026-01-07,1,1,14.0,10
C-01005,control,2026-01-18,12,0,,3
C-01006,control,2026-01-16,10,0,,3
C-01007,control,2026-01-16,10,0,,3
C-01008,control,2026-01-21,15,1,11.0,15
C-01009,control,2026-01-16,10,0,,3
C-01010,control,2026-01-24,18,0,,2
C-01011,control,2026-01-20,14,0,,3
C-01012,control,2026-01-30,24,0,,4
C-01013,control,2026-01-28,22,1,1.0,14
C-01014,control,2026-01-28,22,0,,5
C-01015,control,2026-01-21,15,0,,3
C-01016,control,2026-01-16,10,0,,2
C-01017,control,2026-01-27,21,1,3.0,15
C-01018,control,2026-01-21,15,0,,1
C-01019,control,2026-01-13,7,0,,2
C-01020,control,2026-01-09,3,0,,4
C-01021,control,2026-01-13,7,1,2.0,9
C-01022,control,2026-01-09,3,0,,3
C-01023,control,2026-01-29,23,0,,4
C-01024,control,2026-01-30,24,0,,3
C-01025,control,2026-01-08,2,1,5.0,12
C-01026,control,2026-01-08,2,0,,2
C-01027,control,2026-02-01,26,1,4.0,7
C-01028,control,2026-01-23,17,0,,4
C-01029,control,2026-01-31,25,0,,3
C-01030,control,2026-01-24,18,0,,1
C-01031,control,2026-01-24,18,1,18.0,11
C-01032,control,2026-01-26,20,0,,2
C-01033,control,2026-01-10,4,1,7.0,12
C-01034,control,2026-01-23,17,1,1.0,14
C-01035,control,2026-02-02,27,0,,4
C-01036,control,2026-01-15,9,1,5.0,19
C-01037,control,2026-01-27,21,1,2.0,15
C-01038,control,2026-01-26,20,0,,2
C-01039,control,2026-01-11,5,0,,5
C-01040,control,2026-01-06,0,1,2.0,13
C-01041,control,2026-01-10,4,0,,2
C-01042,control,2026-01-14,8,1,2.0,12
C-01043,control,2026-01-17,11,1,16.0,9
C-01044,control,2026-01-31,25,0,,4
C-01045,control,2026-01-19,13,1,4.0,15
C-01046,control,2026-01-07,1,0,,1
C-01047,control,2026-01-22,16,0,,5
C-01048,control,2026-01-19,13,0,,3
C-01049,control,2026-01-31,25,0,,4
C-01050,control,2026-01-18,12,0,,2
C-01051,control,2026-02-01,26,1,2.0,12
C-01052,control,2026-01-14,8,1,12.0,11
C-01053,control,2026-01-31,25,0,,2
C-01054,control,2026-01-30,24,0,,2
C-01055,control,2026-01-20,14,1,4.0,15
C-01056,control,2026-01-30,24,0,,5
C-01057,control,2026-01-27,21,1,2.0,17
C-01058,control,2026-01-20,14,1,3.0,17
C-01059,control,2026-01-29,23,1,30.0,12
C-01060,control,2026-01-16,10,1,1.0,7
C-01061,control,2026-01-21,15,0,,1
C-01062,control,2026-01-22,16,1,6.0,10
C-01063,control,2026-01-31,25,0,,4
C-01064,control,2026-01-09,3,1,5.0,16
C-01065,control,2026-01-06,0,0,,2
C-01066,control,2026-01-13,7,1,2.0,9
C-01067,control,2026-01-22,16,1,16.0,10
C-01068,control,2026-01-08,2,0,,6
C-01069,control,2026-01-25,19,0,,5
C-01070,control,2026-01-20,14,1,9.0,4
C-01071,control,2026-01-20,14,0,,5
C-01072,control,2026-01-29,23,0,,2
C-01073,control,2026-01-27,21,0,,2
C-01074,control,2026-01-19,13,0,,3
C-01075,control,2026-01-31,25,1,4.0,10
C-01076,control,2026-02-02,27,0,,2
C-01077,control,2026-01-28,22,0,,2
C-01078,control,2026-01-19,13,0,,4
C-01079,control,2026-01-29,23,0,,2
C-01080,control,2026-01-07,1,0,,2
C-01081,control,2026-01-18,12,0,,4
C-01082,control,2026-01-31,25,0,,4
C-01083,control,2026-01-19,13,0,,3
C-01084,control,2026-02-01,26,1,18.0,5
C-01085,control,2026-01-29,23,0,,1
C-01086,control,2026-01-24,18,0,,4
C-01087,control,2026-01-12,6,0,,6
C-01088,control,2026-01-08,2,0,,2
C-01089,control,2026-01-20,14,0,,3
C-01090,control,2026-01-28,22,0,,1
C-01091,control,2026-01-19,13,1,7.0,6
C-01092,control,2026-01-16,10,0,,5
C-01093,control,2026-01-20,14,0,,4
C-01094,control,2026-02-02,27,1,1.0,9
C-01095,control,2026-01-18,12,0,,5
C-01096,control,2026-01-23,17,0,,3
C-01097,control,2026-01-31,25,0,,2
C-01098,control,2026-01-11,5,0,,4
C-01099,control,2026-01-08,2,1,7.0,10
C-01100,control,2026-01-24,18,1,14.0,13
C-01101,control,2026-01-20,14,1,5.0,9
C-01102,control,2026-01-30,24,0,,3
C-01103,control,2026-01-28,22,0,,3
C-01104,control,2026-01-10,4,0,,3
C-01105,control,2026-02-02,27,0,,4
C-01106,control,2026-01-15,9,0,,4
C-01107,control,2026-01-12,6,1,1.0,9
C-01108,control,2026-01-30,24,0,,4
C-01109,control,2026-01-22,16,0,,2
C-01110,control,2026-01-12,6,0,,5
C-01111,control,2026-01-27,21,0,,2
C-01112,control,2026-01-31,25,0,,1
C-01113,control,2026-01-17,11,1,4.0,13
C-01114,control,2026-01-30,24,0,,2
C-01115,control,2026-01-22,16,1,20.0,6
C-01116,control,2026-01-18,12,0,,4
C-01117,control,2026-01-25,19,1,3.0,7
C-01118,control,2026-01-30,24,1,18.0,11
C-01119,control,2026-01-09,3,0,,2
C-01120,control,2026-01-15,9,0,,1
C-01121,control,2026-01-08,2,1,27.0,11
C-01122,control,2026-01-14,8,0,,3
C-01123,control,2026-01-18,12,1,11.0,10
C-01124,control,2026-01-23,17,0,,3
C-01125,control,2026-01-20,14,0,,2
C-01126,control,2026-01-09,3,1,2.0,14
C-01127,control,2026-01-20,14,1,1.0,10
C-01128,control,2026-01-27,21,0,,3
C-01129,control,2026-01-07,1,1,7.0,13
C-01130,control,2026-01-20,14,0,,1
C-01131,control,2026-01-13,7,0,,3
C-01132,control,2026-01-13,7,1,1.0,9
C-01133,control,2026-01-22,16,1,8.0,10
C-01134,control,2026-01-17,11,1,25.0,10
C-01135,control,2026-01-24,18,0,,1
C-01136,control,2026-01-15,9,0,,5
C-01137,control,2026-01-14,8,0,,2
C-01138,control,2026-01-10,4,0,,2
C-01139,control,2026-01-11,5,0,,4
C-01140,control,2026-01-25,19,1,5.0,9
C-01141,control,2026-01-31,25,0,,2
C-01142,control,2026-01-07,1,1,19.0,13
C-01143,control,2026-02-01,26,1,3.0,12
C-01144,control,2026-01-29,23,0,,3
C-01145,control,2026-02-01,26,1,7.0,10
C-01146,control,2026-01-18,12,1,2.0,8
C-01147,control,2026-01-11,5,0,,1
C-01148,control,2026-01-10,4,0,,3
C-01149,control,2026-01-30,24,0,,4
C-01150,control,2026-01-06,0,0,,7
C-01151,control,2026-01-26,20,1,5.0,16
C-01152,control,2026-01-27,21,0,,1
C-01153,control,2026-01-26,20,1,6.0,15
C-01154,control,2026-01-11,5,0,,3
C-01155,control,2026-01-11,5,0,,5
C-01156,control,2026-01-28,22,1,8.0,11
C-01157,control,2026-01-21,15,0,,5
C-01158,control,2026-01-09,3,0,,1
C-01159,control,2026-01-16,10,0,,5
C-01160,control,2026-01-29,23,0,,1
C-01161,control,2026-01-28,22,0,,2
C-01162,control,2026-01-14,8,0,,2
C-01163,control,2026-01-28,22,0,,2
C-01164,control,2026-01-08,2,1,1.0,10
C-01165,control,2026-01-24,18,0,,3
C-01166,control,2026-01-13,7,0,,4
C-01167,control,2026-01-10,4,0,,3
C-01168,control,2026-01-09,3,1,30.0,9
C-01169,control,2026-01-29,23,0,,3
C-01170,control,2026-01-11,5,0,,2
C-01171,control,2026-01-07,1,0,,3
C-01172,control,2026-01-25,19,0,,2
C-01173,control,2026-02-02,27,1,4.0,12
C-01174,control,2026-01-16,10,1,2.0,12
C-01175,control,2026-01-09,3,0,,2
C-01176,control,2026-01-20,14,1,8.0,7
C-01177,control,2026-01-11,5,0,,2
C-01178,control,2026-01-27,21,1,15.0,11
C-01179,control,2026-01-22,16,1,8.0,7
C-01180,control,2026-01-29,23,0,,5
C-01181,control,2026-01-11,5,1,8.0,16
C-01182,control,2026-01-24,18,1,2.0,7
C-01183,control,2026-01-30,24,0,,2
C-01184,control,2026-01-07,1,0,,1
C-01185,control,2026-01-20,14,0,,1
C-01186,control,2026-01-16,10,1,5.0,7
C-01187,control,2026-01-13,7,1,2.0,12
C-01188,control,2026-01-31,25,1,2.0,7
C-01189,control,2026-01-24,18,1,6.0,13
C-01190,control,2026-01-18,12,0,,4
C-01191,control,2026-01-17,11,1,10.0,14
C-01192,control,2026-01-10,4,1,1.0,10
C-01193,control,2026-01-11,5,0,,7
C-01194,control,2026-01-31,25,0,,3
C-01195,control,2026-01-27,21,1,7.0,16
C-01196,control,2026-01-09,3,0,,2
C-01197,control,2026-01-24,18,1,21.0,16
C-01198,control,2026-01-25,19,0,,2
C-01199,control,2026-01-06,0,0,,3
C-01200,control,2026-01-25,19,1,3.0,6
C-01201,control,2026-01-22,16,0,,5
C-01202,control,2026-01-17,11,0,,4
C-01203,control,2026-01-20,14,0,,3
C-01204,control,2026-01-06,0,1,10.0,9
C-01205,control,2026-01-31,25,0,,6
C-01206,control,2026-01-19,13,1,1.0,11
C-01207,control,2026-01-11,5,0,,2
C-01208,control,2026-01-10,4,1,1.0,11
C-01209,control,2026-01-16,10,1,4.0,9
C-01210,control,2026-01-09,3,0,,5
C-01211,control,2026-01-18,12,0,,3
C-01212,control,2026-01-16,10,0,,4
C-01213,control,2026-01-08,2,0,,3
C-01214,control,2026-01-06,0,0,,3
C-01215,control,2026-01-11,5,0,,5
C-01216,control,2026-01-23,17,0,,2
C-01217,control,2026-01-29,23,0,,1
C-01218,control,2026-01-15,9,0,,1
C-01219,control,2026-01-10,4,0,,5
C-01220,control,2026-01-28,22,1,12.0,9
C-01221,control,2026-01-15,9,0,,1
C-01222,control,2026-01-17,11,0,,3
C-01223,control,2026-01-07,1,0,,2
C-01224,control,2026-01-18,12,1,1.0,12
C-01225,control,2026-01-13,7,1,1.0,11
C-01226,control,2026-01-07,1,1,28.0,12
C-01227,control,2026-01-25,19,1,16.0,10
C-01228,control,2026-01-06,0,0,,4
C-01229,control,2026-01-10,4,1,12.0,8
C-01230,control,2026-01-14,8,1,4.0,11
C-01231,control,2026-01-22,16,0,,3
C-01232,control,2026-01-14,8,1,14.0,11
C-01233,control,2026-01-16,10,0,,2
C-01234,control,2026-01-20,14,1,20.0,10
C-01235,control,2026-01-29,23,0,,2
C-01236,control,2026-01-11,5,0,,4
C-01237,control,2026-01-28,22,1,1.0,11
C-01238,control,2026-01-08,2,0,,2
C-01239,control,2026-01-22,16,0,,3
C-01240,control,2026-01-10,4,0,,1
C-01241,control,2026-02-02,27,1,5.0,15
C-01242,control,2026-01-17,11,0,,2
C-01243,control,2026-01-23,17,0,,3
C-01244,control,2026-01-19,13,1,11.0,13
C-01245,control,2026-01-26,20,1,2.0,14
C-01246,control,2026-01-29,23,0,,2
C-01247,control,2026-01-16,10,1,5.0,10
C-01248,control,2026-01-14,8,1,5.0,13
C-01249,control,2026-01-07,1,1,1.0,8
C-01250,control,2026-01-17,11,0,,1
C-01251,control,2026-01-08,2,0,,4
C-01252,control,2026-01-08,2,0,,4
C-01253,control,2026-01-06,0,0,,3
C-01254,control,2026-01-13,7,0,,4
C-01255,control,2026-01-27,21,0,,2
C-01256,control,2026-02-02,27,0,,4
C-01257,control,2026-01-13,7,0,,6
C-01258,control,2026-01-16,10,0,,3
C-01259,control,2026-01-14,8,1,3.0,8
C-01260,control,2026-01-10,4,0,,4
C-01261,control,2026-01-19,13,0,,2
C-01262,control,2026-02-02,27,1,1.0,8
C-01263,control,2026-01-08,2,0,,2
C-01264,control,2026-01-26,20,1,1.0,14
C-01265,control,2026-01-10,4,1,1.0,6
C-01266,control,2026-01-10,4,0,,5
C-01267,control,2026-01-24,18,1,5.0,14
C-01268,control,2026-02-01,26,0,,2
C-01269,control,2026-01-19,13,0,,4
C-01270,control,2026-01-31,25,0,,3
C-01271,control,2026-01-09,3,0,,2
C-01272,control,2026-01-30,24,1,1.0,11
C-01273,control,2026-01-18,12,0,,3
C-01274,control,2026-01-15,9,0,,1
C-01275,control,2026-01-30,24,0,,2
C-01276,control,2026-01-23,17,0,,3
C-01277,control,2026-01-13,7,0,,1
C-01278,control,2026-01-13,7,0,,5
C-01279,control,2026-01-12,6,1,1.0,7
C-01280,control,2026-01-13,7,0,,3
C-01281,control,2026-01-19,13,0,,1
C-01282,control,2026-01-24,18,0,,1
C-01283,control,2026-01-11,5,0,,2
C-01284,control,2026-01-06,0,1,1.0,8
C-01285,control,2026-01-28,22,0,,2
C-01286,control,2026-01-20,14,0,,2
C-01287,control,2026-01-06,0,0,,6
C-01288,control,2026-01-30,24,1,4.0,10
C-01289,control,2026-01-22,16,0,,1
C-01290,control,2026-01-06,0,0,,4
C-01291,control,2026-01-20,14,1,1.0,15
C-01292,control,2026-01-28,22,0,,3
C-01293,control,2026-01-07,1,1,4.0,10
C-01294,control,2026-01-19,13,1,14.0,13
C-01295,control,2026-01-26,20,0,,5
C-01296,control,2026-01-13,7,0,,4
C-01297,control,2026-01-13,7,0,,5
C-01298,control,2026-01-24,18,0,,2
C-01299,control,2026-01-12,6,1,2.0,11
C-01300,control,2026-01-24,18,0,,4
C-01301,control,2026-01-11,5,0,,2
C-01302,control,2026-01-11,5,1,2.0,16
C-01303,control,2026-01-08,2,0,,2
C-01304,control,2026-01-12,6,0,,3
C-01305,control,2026-01-24,18,0,,1
C-01306,control,2026-01-13,7,0,,6
C-01307,control,2026-01-15,9,1,27.0,15
C-01308,control,2026-01-25,19,0,,3
C-01309,control,2026-01-20,14,0,,3
C-01310,control,2026-01-20,14,0,,3
C-01311,control,2026-01-06,0,0,,2
C-01312,control,2026-01-25,19,0,,2
C-01313,control,2026-01-12,6,0,,1
C-01314,control,2026-02-01,26,0,,5
C-01315,control,2026-01-09,3,1,11.0,17
C-01316,control,2026-01-11,5,0,,5
C-01317,control,2026-01-30,24,0,,1
C-01318,control,2026-01-06,0,0,,3
C-01319,control,2026-01-10,4,1,1.0,11
C-01320,control,2026-02-01,26,1,1.0,16
C-01321,control,2026-01-28,22,0,,4
C-01322,control,2026-01-06,0,1,6.0,9
C-01323,control,2026-01-09,3,0,,4
C-01324,control,2026-01-27,21,0,,2
C-01325,control,2026-01-07,1,0,,2
C-01326,control,2026-01-15,9,0,,3
C-01327,control,2026-01-10,4,1,5.0,11
C-01328,control,2026-02-01,26,0,,4
C-01329,control,2026-01-15,9,0,,3
C-01330,control,2026-01-06,0,1,1.0,12
C-01331,control,2026-01-27,21,0,,1
C-01332,control,2026-01-11,5,0,,3
C-01333,control,2026-01-18,12,0,,1
C-01334,control,2026-01-20,14,0,,2
C-01335,control,2026-01-09,3,0,,3
C-01336,control,2026-01-18,12,0,,3
C-01337,control,2026-01-29,23,0,,3
C-01338,control,2026-01-25,19,0,,3
C-01339,control,2026-01-29,23,1,1.0,12
C-01340,control,2026-01-20,14,0,,3
C-01341,control,2026-01-13,7,0,,4
C-01342,control,2026-01-10,4,0,,2
C-01343,control,2026-01-20,14,0,,3
C-01344,control,2026-01-09,3,0,,2
C-01345,control,2026-01-17,11,0,,2
C-01346,control,2026-01-18,12,0,,5
C-01347,control,2026-01-07,1,1,4.0,14
C-01348,control,2026-02-01,26,0,,1
C-01349,control,2026-01-24,18,1,6.0,15
C-01350,control,2026-01-24,18,0,,3
C-01351,control,2026-01-09,3,1,3.0,11
C-01352,control,2026-01-09,3,0,,2
C-01353,control,2026-01-31,25,1,4.0,13
C-01354,control,2026-01-16,10,0,,3
C-01355,control,2026-02-01,26,0,,3
C-01356,control,2026-01-10,4,0,,4
C-01357,control,2026-01-25,19,1,1.0,11
C-01358,control,2026-01-16,10,0,,3
C-01359,control,2026-01-15,9,0,,2
C-01360,control,2026-01-13,7,0,,4
C-01361,control,2026-01-11,5,0,,2
C-01362,control,2026-01-11,5,0,,2
C-01363,control,2026-01-13,7,0,,2
C-01364,control,2026-01-28,22,1,8.0,6
C-01365,control,2026-01-20,14,1,2.0,11
C-01366,control,2026-01-31,25,1,16.0,14
C-01367,control,2026-01-19,13,0,,3
C-01368,control,2026-01-16,10,1,6.0,11
C-01369,control,2026-01-17,11,1,1.0,15
C-01370,control,2026-01-31,25,0,,2
C-01371,control,2026-01-18,12,0,,2
C-01372,control,2026-01-13,7,0,,2
C-01373,control,2026-01-23,17,1,2.0,6
C-01374,control,2026-01-30,24,0,,4
C-01375,control,2026-01-06,0,0,,4
C-01376,control,2026-01-20,14,0,,3
C-01377,control,2026-01-13,7,1,22.0,10
C-01378,control,2026-02-02,27,1,1.0,14
C-01379,control,2026-01-16,10,1,8.0,15
C-01380,control,2026-01-17,11,0,,2
C-01381,control,2026-01-17,11,0,,1
C-01382,control,2026-01-09,3,0,,2
C-01383,control,2026-01-21,15,0,,4
C-01384,control,2026-01-09,3,0,,5
C-01385,control,2026-01-10,4,0,,4
C-01386,control,2026-01-29,23,0,,2
C-01387,control,2026-01-10,4,0,,4
C-01388,control,2026-01-13,7,1,1.0,9
C-01389,control,2026-01-15,9,0,,5
C-01390,control,2026-01-22,16,1,9.0,11
C-01391,control,2026-02-02,27,0,,4
C-01392,control,2026-01-31,25,0,,1
C-01393,control,2026-01-14,8,0,,3
C-01394,control,2026-01-27,21,0,,2
C-01395,control,2026-01-24,18,0,,2
C-01396,control,2026-01-19,13,0,,2
C-01397,control,2026-01-13,7,0,,1
C-01398,control,2026-01-14,8,0,,4
C-01399,control,2026-01-27,21,0,,2
C-01400,control,2026-01-16,10,1,6.0,12
C-01401,control,2026-01-28,22,1,6.0,12
C-01402,control,2026-01-06,0,1,9.0,7
C-01403,control,2026-01-19,13,0,,3
C-01404,control,2026-01-10,4,1,5.0,13
C-01405,control,2026-01-26,20,1,1.0,12
C-01406,control,2026-01-31,25,0,,5
C-01407,control,2026-01-19,13,1,1.0,13
C-01408,control,2026-01-09,3,0,,3
C-01409,control,2026-01-27,21,1,8.0,12
C-01410,control,2026-01-28,22,1,4.0,13
C-01411,control,2026-01-30,24,0,,3
C-01412,control,2026-01-06,0,0,,4
C-01413,control,2026-01-27,21,1,2.0,12
C-01414,control,2026-01-28,22,0,,4
C-01415,control,2026-01-24,18,0,,6
C-01416,control,2026-01-13,7,1,1.0,11
C-01417,control,2026-01-20,14,0,,1
C-01418,control,2026-01-26,20,0,,3
C-01419,control,2026-01-20,14,0,,3
C-01420,control,2026-01-14,8,0,,5
C-01421,control,2026-01-26,20,0,,2
C-01422,control,2026-01-14,8,0,,1
C-01423,control,2026-01-15,9,0,,3
C-01424,control,2026-01-25,19,0,,2
C-01425,control,2026-01-30,24,1,4.0,12
C-01426,control,2026-01-26,20,0,,4
C-01427,control,2026-01-31,25,0,,5
C-01428,control,2026-01-14,8,1,16.0,16
C-01429,control,2026-01-08,2,0,,2
C-01430,control,2026-01-25,19,0,,3
C-01431,control,2026-01-30,24,0,,5
C-01432,control,2026-01-31,25,1,4.0,17
C-01433,control,2026-01-16,10,0,,2
C-01434,control,2026-01-11,5,0,,3
C-01435,control,2026-01-07,1,1,1.0,13
C-01436,control,2026-01-12,6,0,,5
C-01437,control,2026-01-23,17,0,,3
C-01438,control,2026-02-01,26,0,,2
C-01439,control,2026-01-07,1,0,,3
C-01440,control,2026-02-01,26,1,1.0,10
C-01441,control,2026-01-22,16,0,,2
C-01442,control,2026-01-16,10,0,,3
C-01443,control,2026-02-01,26,0,,3
C-01444,control,2026-01-17,11,0,,3
C-01445,control,2026-02-01,26,0,,3
C-01446,control,2026-01-24,18,0,,5
C-01447,control,2026-01-27,21,0,,5
C-01448,control,2026-01-29,23,0,,2
C-01449,control,2026-01-30,24,0,,3
C-01450,control,2026-01-12,6,0,,4
C-01451,control,2026-01-25,19,0,,3
C-01452,control,2026-01-11,5,0,,6
C-01453,control,2026-01-26,20,0,,2
C-01454,control,2026-01-29,23,1,1.0,11
C-01455,control,2026-01-06,0,0,,3
C-01456,control,2026-01-22,16,1,1.0,11
C-01457,control,2026-01-16,10,0,,3
C-01458,control,2026-01-27,21,0,,1
C-01459,control,2026-01-31,25,0,,2
C-01460,control,2026-02-02,27,0,,2
C-01461,control,2026-01-23,17,0,,1
C-01462,control,2026-01-26,20,1,30.0,10
C-01463,control,2026-01-22,16,0,,1
C-01464,control,2026-01-12,6,1,13.0,11
C-01465,control,2026-01-22,16,0,,2
C-01466,control,2026-01-25,19,1,1.0,15
C-01467,control,2026-01-14,8,0,,3
C-01468,control,2026-01-22,16,1,18.0,12
C-01469,control,2026-01-25,19,0,,1
C-01470,control,2026-01-27,21,0,,2
C-01471,control,2026-01-27,21,0,,4
C-01472,control,2026-02-02,27,1,2.0,9
C-01473,control,2026-01-13,7,0,,4
C-01474,control,2026-01-22,16,1,30.0,11
C-01475,control,2026-01-12,6,0,,1
C-01476,control,2026-01-06,0,1,3.0,13
C-01477,control,2026-01-18,12,1,27.0,11
C-01478,control,2026-01-28,22,1,7.0,12
C-01479,control,2026-01-24,18,0,,2
C-01480,control,2026-02-01,26,0,,1
C-01481,control,2026-01-29,23,1,1.0,9
C-01482,control,2026-01-24,18,0,,2
C-01483,control,2026-01-22,16,0,,1
C-01484,control,2026-01-18,12,0,,3
C-01485,control,2026-01-21,15,1,1.0,17
C-01486,control,2026-01-13,7,0,,2
C-01487,control,2026-01-24,18,0,,1
C-01488,control,2026-01-23,17,1,1.0,11
C-01489,control,2026-01-06,0,0,,6
C-01490,control,2026-01-19,13,1,1.0,11
C-01491,control,2026-01-24,18,0,,1
C-01492,control,2026-01-20,14,0,,2
C-01493,control,2026-01-23,17,0,,6
C-01494,control,2026-01-07,1,0,,4
C-01495,control,2026-01-27,21,1,1.0,10
C-01496,control,2026-02-02,27,0,,5
C-01497,control,2026-01-22,16,0,,1
C-01498,control,2026-01-23,17,0,,2
C-01499,control,2026-01-11,5,0,,2
C-01500,control,2026-01-24,18,0,,2
C-01501,control,2026-01-09,3,0,,3
C-01502,control,2026-01-06,0,0,,2
C-01503,control,2026-01-13,7,1,5.0,10
C-01504,control,2026-01-28,22,0,,1
C-01505,control,2026-01-12,6,0,,3
C-01506,control,2026-01-08,2,0,,4
C-01507,control,2026-01-15,9,1,3.0,12
C-01508,control,2026-01-15,9,0,,4
C-01509,control,2026-01-24,18,0,,3
C-01510,control,2026-01-19,13,0,,3
C-01511,control,2026-01-07,1,1,2.0,8
C-01512,control,2026-02-02,27,0,,3
C-01513,control,2026-01-06,0,1,1.0,10
C-01514,control,2026-01-28,22,0,,2
C-01515,control,2026-01-28,22,0,,5
C-01516,control,2026-02-02,27,1,2.0,17
C-01517,control,2026-01-23,17,0,,4
C-01518,control,2026-01-12,6,1,16.0,12
C-01519,control,2026-01-13,7,1,8.0,11
C-01520,control,2026-01-06,0,1,11.0,7
C-01521,control,2026-01-30,24,0,,2
C-01522,control,2026-01-28,22,1,1.0,12
C-01523,control,2026-01-08,2,0,,3
C-01524,control,2026-01-29,23,1,1.0,15
C-01525,control,2026-01-28,22,0,,4
C-01526,control,2026-02-01,26,1,11.0,15
C-01527,control,2026-01-13,7,0,,3
C-01528,control,2026-01-27,21,0,,2
C-01529,control,2026-01-30,24,0,,3
C-01530,control,2026-01-20,14,1,6.0,11
C-01531,control,2026-01-10,4,0,,3
C-01532,control,2026-01-08,2,0,,2
C-01533,control,2026-01-24,18,1,10.0,8
C-01534,control,2026-01-06,0,0,,2
C-01535,control,2026-02-02,27,0,,3
C-01536,control,2026-01-20,14,0,,4
C-01537,control,2026-01-13,7,0,,3
C-01538,control,2026-01-07,1,0,,1
C-01539,control,2026-01-08,2,0,,2
C-01540,control,2026-01-29,23,0,,4
C-01541,control,2026-01-19,13,0,,5
C-01542,control,2026-01-29,23,1,14.0,10
C-01543,control,2026-01-19,13,0,,6
C-01544,control,2026-01-16,10,0,,2
C-01545,control,2026-01-21,15,1,11.0,10
C-01546,control,2026-01-09,3,0,,6
C-01547,control,2026-01-25,19,0,,2
C-01548,control,2026-01-10,4,1,1.0,10
C-01549,control,2026-01-27,21,1,23.0,10
C-01550,control,2026-01-26,20,1,17.0,17
C-01551,control,2026-01-19,13,1,10.0,12
C-01552,control,2026-01-28,22,1,1.0,14
C-01553,control,2026-01-21,15,0,,3
C-01554,control,2026-01-23,17,1,1.0,7
C-01555,control,2026-01-12,6,0,,2
C-01556,control,2026-01-15,9,1,6.0,11
C-01557,control,2026-01-12,6,0,,4
C-01558,control,2026-01-06,0,0,,1
C-01559,control,2026-01-28,22,0,,1
C-01560,control,2026-01-26,20,1,1.0,10
C-01561,control,2026-01-24,18,0,,2
C-01562,control,2026-01-21,15,1,2.0,10
C-01563,control,2026-01-24,18,1,10.0,10
C-01564,control,2026-01-09,3,0,,2
C-01565,control,2026-02-02,27,1,3.0,9
C-01566,control,2026-01-23,17,1,3.0,12
C-01567,control,2026-01-07,1,0,,4
C-01568,control,2026-01-06,0,0,,6
C-01569,control,2026-01-20,14,0,,2
C-01570,control,2026-01-10,4,0,,4
C-01571,control,2026-01-25,19,0,,1
C-01572,control,2026-01-16,10,1,13.0,18
C-01573,control,2026-01-15,9,0,,3
C-01574,control,2026-01-07,1,1,1.0,9
C-01575,control,2026-01-08,2,0,,1
C-01576,control,2026-01-28,22,0,,3
C-01577,control,2026-01-28,22,1,3.0,17
C-01578,control,2026-01-17,11,1,3.0,8
C-01579,control,2026-01-25,19,0,,4
C-01580,control,2026-01-10,4,0,,4
C-01581,control,2026-01-10,4,0,,3
C-01582,control,2026-01-11,5,0,,6
C-01583,control,2026-01-14,8,0,,3
C-01584,control,2026-01-07,1,0,,4
C-01585,control,2026-01-26,20,0,,1
C-01586,control,2026-01-17,11,1,5.0,13
C-01587,control,2026-01-08,2,0,,2
C-01588,control,2026-01-25,19,0,,2
C-01589,control,2026-01-31,25,0,,3
C-01590,control,2026-01-27,21,1,17.0,7
C-01591,control,2026-01-17,11,1,16.0,11
C-01592,control,2026-01-29,23,0,,1
C-01593,control,2026-01-22,16,1,5.0,12
C-01594,control,2026-01-15,9,0,,3
C-01595,control,2026-01-29,23,0,,3
C-01596,control,2026-02-01,26,0,,1
C-01597,control,2026-01-19,13,0,,4
C-01598,control,2026-01-28,22,1,10.0,11
C-01599,control,2026-01-22,16,1,1.0,7
C-01600,control,2026-01-23,17,0,,4
C-01601,control,2026-01-24,18,0,,6
C-01602,control,2026-01-22,16,0,,2
C-01603,control,2026-01-19,13,0,,3
C-01604,control,2026-01-14,8,0,,1
C-01605,control,2026-01-13,7,0,,2
C-01606,control,2026-01-07,1,0,,4
C-01607,control,2026-01-18,12,0,,1
C-01608,control,2026-01-30,24,0,,4
C-01609,control,2026-01-12,6,0,,3
C-01610,control,2026-01-14,8,1,1.0,13
C-01611,control,2026-01-27,21,0,,3
C-01612,control,2026-01-27,21,1,2.0,9
C-01613,control,2026-01-16,10,0,,2
C-01614,control,2026-01-19,13,1,1.0,13
C-01615,control,2026-01-09,3,1,7.0,13
C-01616,control,2026-01-31,25,0,,3
C-01617,control,2026-01-31,25,0,,1
C-01618,control,2026-01-18,12,1,2.0,9
C-01619,control,2026-01-07,1,0,,4
C-01620,control,2026-01-28,22,0,,5
C-01621,control,2026-01-10,4,0,,2
C-01622,control,2026-01-16,10,0,,1
C-01623,control,2026-01-11,5,0,,3
C-01624,control,2026-01-23,17,1,11.0,11
C-01625,control,2026-01-26,20,1,8.0,11
C-01626,control,2026-01-15,9,0,,5
C-01627,control,2026-01-09,3,1,12.0,11
C-01628,control,2026-01-14,8,0,,5
C-01629,control,2026-01-11,5,1,1.0,7
C-01630,control,2026-01-07,1,0,,1
C-01631,control,2026-01-22,16,0,,3
C-01632,control,2026-01-10,4,1,5.0,15
C-01633,control,2026-01-30,24,0,,2
C-01634,control,2026-01-11,5,1,1.0,15
C-01635,control,2026-01-31,25,1,1.0,14
C-01636,control,2026-01-17,11,1,6.0,14
C-01637,control,2026-01-28,22,0,,1
C-01638,control,2026-01-26,20,1,2.0,13
C-01639,control,2026-01-15,9,0,,2
C-01640,control,2026-01-27,21,0,,3
C-01641,control,2026-01-26,20,1,17.0,16
C-01642,control,2026-02-01,26,0,,6
C-01643,control,2026-01-30,24,1,4.0,12
C-01644,control,2026-01-11,5,1,1.0,9
C-01645,control,2026-02-01,26,1,9.0,10
C-01646,control,2026-01-13,7,1,5.0,10
C-01647,control,2026-01-07,1,1,1.0,12
C-01648,control,2026-01-17,11,0,,2
C-01649,control,2026-01-18,12,1,3.0,11
C-01650,control,2026-01-30,24,0,,4
C-01651,control,2026-01-26,20,0,,4
C-01652,control,2026-01-12,6,0,,4
C-01653,control,2026-01-15,9,0,,2
C-01654,control,2026-01-18,12,0,,2
C-01655,control,2026-01-22,16,1,6.0,11
C-01656,control,2026-01-31,25,0,,2
C-01657,control,2026-01-26,20,0,,5
C-01658,control,2026-02-02,27,0,,2
C-01659,control,2026-01-31,25,0,,1
C-01660,control,2026-01-19,13,0,,2
C-01661,control,2026-01-07,1,0,,1
C-01662,control,2026-02-02,27,0,,5
C-01663,control,2026-01-27,21,0,,3
C-01664,control,2026-01-16,10,0,,3
C-01665,control,2026-01-06,0,0,,1
C-01666,control,2026-01-24,18,0,,4
C-01667,control,2026-01-26,20,1,4.0,10
C-01668,control,2026-01-09,3,1,27.0,11
C-01669,control,2026-01-24,18,0,,2
C-01670,control,2026-01-31,25,1,1.0,12
C-01671,control,2026-01-26,20,0,,2
C-01672,control,2026-01-16,10,0,,3
C-01673,control,2026-01-13,7,1,1.0,13
C-01674,control,2026-01-16,10,0,,4
C-01675,control,2026-01-09,3,1,30.0,11
C-01676,control,2026-01-22,16,0,,2
C-01677,control,2026-02-01,26,0,,2
C-01678,control,2026-01-12,6,0,,1
C-01679,control,2026-01-13,7,1,9.0,11
C-01680,control,2026-01-08,2,0,,2
C-01681,control,2026-01-27,21,1,7.0,8
C-01682,control,2026-01-07,1,0,,2
C-01683,control,2026-01-28,22,0,,5
C-01684,control,2026-01-20,14,0,,2
C-01685,control,2026-01-29,23,0,,6
C-01686,control,2026-01-27,21,1,4.0,11
C-01687,control,2026-01-27,21,0,,3
C-01688,control,2026-01-10,4,1,1.0,8
C-01689,control,2026-01-29,23,1,9.0,19
C-01690,control,2026-01-06,0,0,,1
C-01691,control,2026-01-31,25,0,,4
C-01692,control,2026-01-09,3,0,,5
C-01693,control,2026-01-20,14,0,,4
C-01694,control,2026-01-25,19,0,,2
C-01695,control,2026-01-24,18,0,,1
C-01696,control,2026-01-08,2,0,,1
C-01697,control,2026-01-25,19,0,,2
C-01698,control,2026-01-16,10,0,,5
C-01699,control,2026-01-22,16,0,,5
C-01700,control,2026-02-01,26,0,,1
C-01701,control,2026-01-18,12,1,15.0,15
C-01702,control,2026-01-16,10,0,,2
C-01703,control,2026-01-07,1,0,,2
C-01704,control,2026-01-14,8,1,5.0,12
C-01705,control,2026-01-31,25,0,,4
C-01706,control,2026-01-07,1,0,,1
C-01707,control,2026-01-26,20,0,,3
C-01708,control,2026-01-14,8,0,,2
C-01709,control,2026-01-14,8,0,,3
C-01710,control,2026-01-13,7,0,,5
C-01711,control,2026-01-22,16,0,,3
C-01712,control,2026-01-06,0,0,,4
C-01713,control,2026-01-30,24,1,3.0,13
C-01714,control,2026-01-16,10,1,1.0,14
C-01715,control,2026-01-13,7,0,,3
C-01716,control,2026-01-15,9,1,1.0,12
C-01717,control,2026-01-30,24,0,,1
C-01718,control,2026-01-12,6,0,,1
C-01719,control,2026-01-08,2,1,30.0,11
C-01720,control,2026-01-08,2,0,,2
C-01721,control,2026-01-23,17,0,,2
C-01722,control,2026-01-10,4,0,,2
C-01723,control,2026-01-17,11,0,,3
C-01724,control,2026-01-17,11,1,1.0,9
C-01725,control,2026-01-24,18,1,21.0,8
C-01726,control,2026-01-11,5,1,6.0,9
C-01727,control,2026-01-07,1,1,1.0,11
C-01728,control,2026-01-17,11,0,,3
C-01729,control,2026-01-24,18,0,,3
C-01730,control,2026-01-10,4,0,,4
C-01731,control,2026-01-17,11,0,,1
C-01732,control,2026-02-01,26,0,,3
C-01733,control,2026-02-01,26,1,4.0,10
C-01734,control,2026-01-22,16,0,,4
C-01735,control,2026-01-22,16,0,,2
C-01736,control,2026-01-15,9,0,,5
C-01737,control,2026-01-30,24,0,,6
C-01738,control,2026-01-28,22,1,8.0,12
C-01739,control,2026-01-22,16,0,,4
C-01740,control,2026-01-20,14,0,,3
C-01741,control,2026-01-17,11,1,1.0,10
C-01742,control,2026-01-21,15,0,,4
C-01743,control,2026-01-29,23,0,,3
C-01744,control,2026-01-24,18,0,,4
C-01745,control,2026-01-13,7,1,1.0,12
C-01746,control,2026-01-26,20,0,,1
C-01747,control,2026-01-22,16,1,3.0,10
C-01748,control,2026-01-28,22,1,3.0,13
C-01749,control,2026-01-10,4,0,,4
C-01750,control,2026-01-27,21,1,3.0,12
C-01751,control,2026-01-21,15,1,1.0,10
C-01752,control,2026-01-11,5,1,1.0,7
C-01753,control,2026-01-13,7,1,21.0,10
C-01754,control,2026-01-30,24,0,,3
C-01755,control,2026-01-23,17,0,,4
C-01756,control,2026-01-30,24,0,,2
C-01757,control,2026-01-17,11,0,,5
C-01758,control,2026-01-20,14,0,,2
C-01759,control,2026-02-01,26,1,4.0,9
C-01760,control,2026-01-31,25,1,3.0,8
C-01761,control,2026-01-14,8,0,,2
C-01762,control,2026-01-18,12,1,1.0,10
C-01763,control,2026-01-31,25,1,3.0,14
C-01764,control,2026-01-20,14,0,,4
C-01765,control,2026-01-15,9,0,,3
C-01766,control,2026-01-21,15,0,,2
C-01767,control,2026-01-12,6,1,1.0,4
C-01768,control,2026-01-22,16,0,,2
C-01769,control,2026-01-28,22,0,,2
C-01770,control,2026-01-31,25,0,,1
C-01771,control,2026-01-26,20,1,3.0,16
C-01772,control,2026-01-27,21,1,1.0,9
C-01773,control,2026-01-31,25,1,1.0,14
C-01774,control,2026-01-12,6,1,1.0,10
C-01775,control,2026-01-19,13,1,1.0,14
C-01776,control,2026-01-20,14,1,5.0,14
C-01777,control,2026-01-26,20,1,15.0,9
C-01778,control,2026-01-12,6,1,2.0,8
C-01779,control,2026-01-14,8,0,,5
C-01780,control,2026-01-24,18,0,,6
C-01781,control,2026-01-21,15,0,,5
C-01782,control,2026-01-13,7,0,,4
C-01783,control,2026-01-23,17,0,,1
C-01784,control,2026-02-01,26,0,,5
C-01785,control,2026-01-28,22,1,30.0,11
C-01786,control,2026-01-23,17,1,15.0,9
C-01787,control,2026-01-25,19,1,4.0,11
C-01788,control,2026-01-12,6,0,,2
C-01789,control,2026-01-08,2,0,,3
C-01790,control,2026-01-23,17,0,,1
C-01791,control,2026-02-01,26,0,,3
C-01792,control,2026-01-15,9,0,,3
C-01793,control,2026-01-12,6,0,,3
C-01794,control,2026-01-22,16,1,2.0,12
C-01795,control,2026-01-19,13,1,16.0,8
C-01796,control,2026-01-29,23,0,,1
C-01797,control,2026-01-08,2,0,,3
C-01798,control,2026-01-17,11,0,,3
C-01799,control,2026-02-02,27,0,,3
C-01800,control,2026-01-18,12,1,12.0,18
C-01801,control,2026-01-07,1,0,,5
C-01802,control,2026-01-08,2,0,,3
C-01803,control,2026-01-10,4,0,,3
C-01804,control,2026-01-16,10,0,,1
C-01805,control,2026-01-13,7,0,,2
C-01806,control,2026-01-31,25,1,5.0,9
C-01807,control,2026-01-28,22,0,,2
C-01808,control,2026-01-28,22,0,,4
C-01809,control,2026-01-17,11,0,,1
C-01810,control,2026-01-12,6,0,,1
C-01811,control,2026-01-20,14,1,4.0,13
C-01812,control,2026-01-29,23,0,,2
C-01813,control,2026-01-22,16,0,,2
C-01814,control,2026-01-09,3,0,,3
C-01815,control,2026-01-27,21,0,,2
C-01816,control,2026-01-30,24,0,,4
C-01817,control,2026-01-18,12,0,,5
C-01818,control,2026-01-23,17,0,,3
C-01819,control,2026-01-06,0,1,8.0,11
C-01820,control,2026-01-21,15,0,,4
C-01821,control,2026-01-18,12,1,8.0,6
C-01822,control,2026-01-15,9,0,,3
C-01823,control,2026-01-17,11,1,7.0,15
C-01824,control,2026-01-07,1,1,8.0,13
C-01825,control,2026-01-28,22,0,,2
C-01826,control,2026-01-08,2,1,1.0,7
C-01827,control,2026-01-15,9,0,,4
C-01828,control,2026-01-07,1,1,1.0,15
C-01829,control,2026-02-01,26,0,,2
C-01830,control,2026-01-28,22,0,,6
C-01831,control,2026-01-18,12,0,,5
C-01832,control,2026-01-18,12,1,4.0,11
C-01833,control,2026-01-23,17,0,,4
C-01834,control,2026-01-08,2,0,,3
C-01835,control,2026-02-01,26,1,6.0,10
C-01836,control,2026-01-12,6,1,13.0,11
C-01837,control,2026-01-19,13,0,,3
C-01838,control,2026-01-25,19,0,,1
C-01839,control,2026-01-22,16,0,,1
C-01840,control,2026-01-26,20,0,,2
C-01841,control,2026-01-17,11,0,,1
C-01842,control,2026-01-30,24,1,1.0,9
C-01843,control,2026-01-21,15,0,,4
C-01844,control,2026-01-29,23,1,2.0,6
C-01845,control,2026-01-17,11,0,,6
C-01846,control,2026-01-20,14,0,,5
C-01847,control,2026-01-30,24,0,,1
C-01848,control,2026-01-15,9,0,,6
C-01849,control,2026-01-30,24,1,1.0,17
C-01850,control,2026-01-12,6,1,3.0,14
C-01851,control,2026-01-25,19,0,,5
C-01852,control,2026-01-10,4,1,7.0,11
C-01853,control,2026-01-06,0,1,2.0,9
C-01854,control,2026-01-22,16,0,,4
C-01855,control,2026-01-08,2,1,14.0,9
C-01856,control,2026-01-18,12,0,,3
C-01857,control,2026-01-19,13,0,,3
C-01858,control,2026-01-29,23,1,3.0,11
C-01859,control,2026-01-23,17,0,,3
C-01860,control,2026-01-09,3,0,,4
C-01861,control,2026-01-23,17,1,1.0,8
C-01862,control,2026-01-10,4,0,,1
C-01863,control,2026-01-30,24,0,,2
C-01864,control,2026-01-21,15,1,10.0,4
C-01865,control,2026-01-06,0,0,,4
C-01866,control,2026-01-26,20,0,,4
C-01867,control,2026-01-19,13,1,1.0,11
C-01868,control,2026-01-20,14,0,,3
C-01869,control,2026-01-14,8,0,,2
C-01870,control,2026-01-20,14,1,11.0,10
C-01871,control,2026-01-22,16,1,12.0,13
C-01872,control,2026-01-30,24,0,,3
C-01873,control,2026-01-29,23,1,3.0,8
C-01874,control,2026-01-09,3,1,8.0,10
C-01875,control,2026-01-17,11,0,,6
C-01876,control,2026-02-01,26,0,,3
C-01877,control,2026-01-31,25,0,,4
C-01878,control,2026-01-10,4,1,1.0,8
C-01879,control,2026-01-10,4,0,,3
C-01880,control,2026-01-16,10,0,,3
C-01881,control,2026-02-02,27,1,4.0,11
C-01882,control,2026-01-11,5,1,4.0,12
C-01883,control,2026-01-12,6,0,,2
C-01884,control,2026-01-29,23,0,,2
C-01885,control,2026-01-19,13,0,,4
C-01886,control,2026-01-29,23,0,,3
C-01887,control,2026-01-16,10,0,,4
C-01888,control,2026-01-18,12,1,16.0,12
C-01889,control,2026-01-07,1,0,,6
C-01890,control,2026-01-30,24,0,,5
C-01891,control,2026-01-12,6,1,2.0,10
C-01892,control,2026-01-25,19,0,,3
C-01893,control,2026-01-09,3,0,,3
C-01894,control,2026-02-01,26,0,,4
C-01895,control,2026-01-13,7,0,,4
C-01896,control,2026-01-25,19,1,17.0,13
C-01897,control,2026-01-27,21,0,,1
C-01898,control,2026-01-26,20,0,,2
C-01899,control,2026-01-24,18,0,,3
C-01900,control,2026-01-18,12,1,7.0,10
C-01901,control,2026-01-19,13,0,,2
C-01902,control,2026-01-15,9,0,,5
C-01903,control,2026-01-16,10,0,,5
C-01904,control,2026-01-07,1,0,,4
C-01905,control,2026-01-30,24,0,,3
C-01906,control,2026-01-31,25,0,,3
C-01907,control,2026-01-14,8,0,,3
C-01908,control,2026-01-22,16,0,,4
C-01909,control,2026-01-31,25,1,7.0,5
C-01910,control,2026-01-08,2,0,,5
C-01911,control,2026-01-29,23,0,,5
C-01912,control,2026-01-11,5,0,,4
C-01913,control,2026-01-10,4,1,30.0,13
C-01914,control,2026-01-10,4,0,,3
C-01915,control,2026-01-27,21,1,12.0,16
C-01916,control,2026-01-20,14,1,3.0,12
C-01917,control,2026-01-28,22,0,,2
C-01918,control,2026-01-22,16,1,9.0,13
C-01919,control,2026-01-14,8,0,,4
C-01920,control,2026-01-08,2,0,,2
C-01921,control,2026-01-25,19,1,4.0,8
C-01922,control,2026-01-31,25,1,5.0,8
C-01923,control,2026-01-22,16,0,,4
C-01924,control,2026-02-01,26,0,,8
C-01925,control,2026-01-15,9,0,,1
C-01926,control,2026-01-08,2,1,4.0,14
C-01927,control,2026-01-23,17,0,,4
C-01928,control,2026-01-23,17,0,,1
C-01929,control,2026-01-22,16,0,,2
C-01930,control,2026-01-29,23,0,,2
C-01931,control,2026-01-08,2,1,7.0,8
C-01932,control,2026-01-08,2,0,,4
C-01933,control,2026-01-11,5,1,1.0,9
C-01934,control,2026-01-18,12,0,,2
C-01935,control,2026-01-29,23,1,2.0,12
C-01936,control,2026-01-20,14,0,,5
C-01937,control,2026-01-30,24,0,,3
C-01938,control,2026-01-14,8,0,,3
C-01939,control,2026-01-09,3,0,,2
C-01940,control,2026-01-19,13,0,,5
C-01941,control,2026-01-10,4,1,2.0,11
C-01942,control,2026-01-07,1,0,,2
C-01943,control,2026-01-16,10,0,,3
C-01944,control,2026-01-14,8,0,,1
C-01945,control,2026-01-29,23,0,,2
C-01946,control,2026-01-08,2,0,,1
C-01947,control,2026-02-01,26,1,15.0,7
C-01948,control,2026-02-02,27,1,1.0,9
C-01949,control,2026-01-14,8,0,,4
C-01950,control,2026-01-08,2,0,,4
C-01951,control,2026-01-30,24,0,,5
C-01952,control,2026-01-07,1,0,,2
C-01953,control,2026-01-17,11,0,,1
C-01954,control,2026-01-15,9,1,10.0,11
C-01955,control,2026-01-14,8,0,,2
C-01956,control,2026-01-20,14,0,,3
C-01957,control,2026-01-13,7,1,9.0,8
C-01958,control,2026-01-30,24,0,,4
C-01959,control,2026-01-10,4,1,4.0,11
C-01960,control,2026-01-16,10,0,,2
C-01961,control,2026-02-01,26,0,,5
C-01962,control,2026-01-07,1,1,7.0,12
C-01963,control,2026-01-29,23,1,3.0,13
C-01964,control,2026-02-02,27,1,21.0,8
C-01965,control,2026-01-20,14,0,,6
C-01966,control,2026-01-11,5,1,8.0,12
C-01967,control,2026-01-13,7,0,,4
C-01968,control,2026-02-01,26,1,2.0,11
C-01969,control,2026-01-10,4,0,,2
C-01970,control,2026-01-21,15,1,1.0,7
C-01971,control,2026-01-31,25,1,1.0,11
C-01972,control,2026-01-23,17,1,30.0,12
C-01973,control,2026-01-11,5,0,,2
C-01974,control,2026-01-10,4,0,,5
C-01975,control,2026-02-02,27,1,2.0,9
C-01976,control,2026-01-21,15,0,,1
C-01977,control,2026-01-18,12,1,1.0,18
C-01978,control,2026-02-02,27,0,,3
C-01979,control,2026-01-10,4,0,,2
C-01980,control,2026-01-18,12,1,4.0,12
C-01981,control,2026-01-22,16,0,,4
C-01982,control,2026-01-23,17,0,,3
C-01983,control,2026-01-13,7,0,,2
C-01984,control,2026-01-18,12,0,,6
C-01985,control,2026-01-24,18,1,8.0,13
C-01986,control,2026-01-31,25,0,,1
C-01987,control,2026-01-08,2,1,8.0,11
C-01988,control,2026-01-29,23,1,15.0,10
C-01989,control,2026-01-13,7,0,,3
C-01990,control,2026-01-07,1,1,4.0,10
C-01991,control,2026-01-13,7,0,,4
C-01992,control,2026-02-01,26,0,,2
C-01993,control,2026-01-18,12,1,3.0,12
C-01994,control,2026-01-18,12,0,,4
C-01995,control,2026-01-06,0,0,,2
C-01996,control,2026-01-11,5,0,,2
C-01997,control,2026-01-29,23,0,,2
C-01998,control,2026-01-24,18,0,,4
C-01999,control,2026-01-21,15,1,11.0,10
C-02000,control,2026-01-13,7,0,,6
C-02001,control,2026-02-02,27,0,,5
C-02002,control,2026-01-06,0,0,,5
C-02003,control,2026-02-01,26,0,,4
C-02004,control,2026-02-01,26,0,,3
C-02005,control,2026-01-21,15,0,,3
C-02006,control,2026-01-14,8,0,,6
C-02007,control,2026-01-18,12,0,,4
C-02008,control,2026-01-16,10,0,,1
C-02009,control,2026-01-18,12,0,,2
C-02010,control,2026-01-30,24,1,24.0,9
C-02011,control,2026-01-26,20,1,1.0,17
C-02012,control,2026-01-15,9,0,,3
C-02013,control,2026-01-09,3,1,4.0,13
C-02014,control,2026-02-01,26,1,12.0,7
C-02015,control,2026-01-11,5,0,,3
C-02016,control,2026-02-02,27,0,,3
C-02017,control,2026-01-12,6,1,1.0,11
C-02018,control,2026-01-10,4,1,8.0,8
C-02019,control,2026-01-16,10,0,,5
C-02020,control,2026-01-18,12,1,3.0,7
C-02021,control,2026-01-31,25,0,,1
C-02022,control,2026-01-30,24,1,15.0,11
C-02023,control,2026-01-24,18,1,3.0,11
C-02024,control,2026-01-28,22,0,,1
C-02025,control,2026-01-15,9,1,5.0,7
C-02026,control,2026-01-15,9,0,,3
C-02027,control,2026-01-16,10,0,,3
C-02028,control,2026-01-26,20,1,28.0,15
C-02029,control,2026-01-12,6,0,,3
C-02030,control,2026-01-23,17,0,,1
C-02031,control,2026-01-09,3,0,,5
C-02032,control,2026-01-07,1,0,,10
C-02033,control,2026-01-19,13,0,,4
C-02034,control,2026-01-18,12,1,2.0,9
C-02035,control,2026-01-17,11,0,,5
C-02036,control,2026-01-12,6,0,,1
C-02037,control,2026-01-07,1,0,,3
C-02038,control,2026-01-18,12,1,14.0,8
C-02039,control,2026-01-19,13,1,1.0,11
C-02040,control,2026-02-01,26,1,1.0,14
C-02041,control,2026-01-22,16,1,13.0,14
C-02042,control,2026-01-14,8,1,6.0,6
C-02043,control,2026-01-22,16,0,,4
C-02044,control,2026-01-13,7,0,,3
C-02045,control,2026-01-07,1,0,,3
C-02046,control,2026-02-02,27,1,9.0,13
C-02047,control,2026-01-29,23,1,6.0,7
C-02048,control,2026-01-18,12,0,,1
C-02049,control,2026-01-08,2,1,22.0,11
C-02050,control,2026-01-21,15,1,7.0,5
C-02051,control,2026-01-11,5,0,,1
C-02052,control,2026-01-24,18,0,,2
C-02053,control,2026-01-12,6,0,,3
C-02054,control,2026-01-15,9,0,,4
C-02055,control,2026-01-14,8,0,,2
C-02056,control,2026-01-07,1,0,,2
C-02057,control,2026-02-02,27,0,,2
C-02058,control,2026-02-02,27,1,1.0,8
C-02059,control,2026-01-20,14,1,2.0,13
C-02060,control,2026-01-10,4,1,1.0,18
C-02061,control,2026-01-27,21,0,,2
C-02062,control,2026-01-09,3,0,,4
C-02063,control,2026-01-25,19,1,4.0,11
C-02064,control,2026-01-09,3,0,,2
C-02065,control,2026-01-23,17,0,,3
C-02066,control,2026-01-09,3,0,,2
C-02067,control,2026-02-01,26,0,,5
C-02068,control,2026-01-22,16,0,,2
C-02069,control,2026-01-17,11,0,,5
C-02070,control,2026-01-27,21,0,,6
C-02071,control,2026-01-22,16,0,,4
C-02072,control,2026-01-15,9,0,,2
C-02073,control,2026-01-27,21,0,,4
C-02074,control,2026-01-06,0,0,,2
C-02075,control,2026-01-27,21,0,,5
C-02076,control,2026-01-31,25,0,,2
C-02077,control,2026-01-29,23,0,,5
C-02078,control,2026-02-01,26,0,,3
C-02079,control,2026-01-23,17,0,,3
C-02080,control,2026-01-23,17,0,,4
C-02081,control,2026-01-19,13,1,1.0,9
C-02082,control,2026-01-20,14,0,,2
C-02083,control,2026-01-17,11,0,,4
C-02084,control,2026-01-09,3,0,,5
C-02085,control,2026-02-01,26,0,,1
C-02086,control,2026-01-08,2,0,,4
C-02087,control,2026-01-25,19,0,,1
C-02088,control,2026-01-17,11,1,6.0,13
C-02089,control,2026-01-12,6,0,,4
C-02090,control,2026-01-16,10,0,,1
C-02091,control,2026-01-06,0,0,,2
C-02092,control,2026-01-11,5,1,11.0,14
C-02093,control,2026-01-20,14,0,,1
C-02094,control,2026-01-20,14,1,7.0,8
C-02095,control,2026-01-24,18,0,,1
C-02096,control,2026-01-16,10,1,9.0,17
C-02097,control,2026-01-31,25,1,5.0,14
C-02098,control,2026-01-28,22,0,,2
C-02099,control,2026-01-31,25,0,,1
C-02100,control,2026-01-07,1,0,,2
C-02101,control,2026-01-19,13,0,,3
C-02102,control,2026-01-07,1,1,12.0,12
C-02103,control,2026-01-09,3,0,,2
C-02104,control,2026-01-22,16,0,,2
C-02105,control,2026-01-08,2,0,,6
C-02106,control,2026-01-18,12,1,4.0,12
C-02107,control,2026-01-14,8,0,,3
C-02108,control,2026-01-12,6,0,,3
C-02109,control,2026-01-20,14,0,,5
C-02110,control,2026-01-28,22,1,4.0,11
C-02111,control,2026-01-16,10,0,,1
C-02112,control,2026-01-25,19,0,,3
C-02113,control,2026-01-07,1,0,,3
C-02114,control,2026-01-20,14,0,,4
C-02115,control,2026-01-19,13,0,,5
C-02116,control,2026-01-25,19,1,3.0,11
C-02117,control,2026-01-27,21,1,1.0,9
C-02118,control,2026-01-16,10,0,,1
C-02119,control,2026-02-01,26,1,6.0,13
C-02120,control,2026-01-08,2,0,,2
C-02121,control,2026-01-22,16,1,3.0,14
C-02122,control,2026-01-17,11,1,16.0,8
C-02123,control,2026-01-29,23,0,,4
C-02124,control,2026-02-02,27,1,10.0,12
C-02125,control,2026-01-26,20,0,,2
C-02126,control,2026-01-20,14,0,,3
C-02127,control,2026-01-21,15,0,,1
C-02128,control,2026-01-10,4,0,,4
C-02129,control,2026-02-01,26,1,1.0,10
C-02130,control,2026-01-25,19,1,5.0,9
C-02131,control,2026-01-11,5,0,,2
C-02132,control,2026-01-24,18,1,2.0,16
C-02133,control,2026-01-30,24,1,11.0,8
C-02134,control,2026-01-10,4,0,,6
C-02135,control,2026-01-08,2,0,,3
C-02136,control,2026-02-01,26,0,,6
C-02137,control,2026-01-06,0,1,1.0,17
C-02138,control,2026-01-31,25,1,6.0,8
C-02139,control,2026-02-02,27,0,,4
C-02140,control,2026-01-11,5,1,7.0,12
C-02141,control,2026-01-20,14,0,,2
C-02142,control,2026-01-07,1,0,,2
C-02143,control,2026-01-08,2,0,,4
C-02144,control,2026-01-22,16,0,,2
C-02145,control,2026-01-30,24,0,,3
C-02146,control,2026-01-29,23,0,,4
C-02147,control,2026-01-17,11,0,,4
C-02148,control,2026-01-23,17,0,,1
C-02149,control,2026-01-20,14,0,,5
C-02150,control,2026-01-17,11,1,10.0,13
C-02151,control,2026-01-21,15,0,,1
C-02152,control,2026-02-01,26,1,2.0,4
C-02153,control,2026-01-13,7,0,,3
C-02154,control,2026-02-02,27,0,,2
C-02155,control,2026-01-19,13,1,9.0,7
C-02156,control,2026-01-30,24,0,,3
C-02157,control,2026-01-22,16,0,,3
C-02158,control,2026-01-26,20,1,5.0,11
C-02159,control,2026-01-13,7,0,,4
C-02160,control,2026-01-20,14,0,,2
C-02161,control,2026-02-01,26,0,,3
C-02162,control,2026-01-19,13,0,,3
C-02163,control,2026-01-23,17,0,,4
C-02164,control,2026-01-25,19,0,,4
C-02165,control,2026-01-12,6,1,3.0,11
C-02166,control,2026-01-08,2,1,7.0,9
C-02167,control,2026-01-17,11,1,1.0,19
C-02168,control,2026-01-26,20,0,,3
C-02169,control,2026-01-29,23,1,8.0,10
C-02170,control,2026-02-02,27,0,,3
C-02171,control,2026-01-31,25,1,4.0,9
C-02172,control,2026-01-08,2,1,2.0,17
C-02173,control,2026-01-25,19,1,9.0,13
C-02174,control,2026-01-19,13,0,,3
C-02175,control,2026-01-20,14,0,,3
C-02176,control,2026-01-30,24,0,,1
C-02177,control,2026-01-19,13,1,1.0,13
C-02178,control,2026-01-12,6,0,,5
C-02179,control,2026-01-22,16,1,3.0,12
C-02180,control,2026-01-17,11,0,,7
C-02181,control,2026-01-25,19,0,,3
C-02182,control,2026-01-09,3,0,,2
C-02183,control,2026-01-14,8,0,,1
C-02184,control,2026-01-11,5,0,,2
C-02185,control,2026-01-21,15,0,,4
C-02186,control,2026-01-30,24,1,5.0,13
C-02187,control,2026-02-02,27,0,,3
C-02188,control,2026-01-27,21,0,,2
C-02189,control,2026-01-27,21,1,3.0,11
C-02190,control,2026-01-26,20,1,11.0,10
C-02191,control,2026-01-26,20,1,2.0,9
C-02192,control,2026-01-07,1,0,,1
C-02193,control,2026-01-29,23,1,18.0,15
C-02194,control,2026-01-13,7,1,3.0,10
C-02195,control,2026-01-16,10,0,,4
C-02196,control,2026-01-18,12,0,,3
C-02197,control,2026-01-22,16,0,,2
C-02198,control,2026-01-13,7,0,,2
C-02199,control,2026-01-26,20,1,1.0,8
C-02200,control,2026-01-23,17,0,,1
C-02201,control,2026-01-23,17,1,5.0,9
C-02202,control,2026-01-19,13,0,,1
C-02203,control,2026-01-20,14,0,,3
C-02204,control,2026-01-11,5,0,,3
C-02205,control,2026-01-16,10,0,,2
C-02206,control,2026-01-18,12,1,2.0,11
C-02207,control,2026-01-30,24,1,14.0,13
C-02208,control,2026-01-06,0,0,,4
C-02209,control,2026-02-02,27,0,,3
C-02210,control,2026-01-11,5,0,,4
C-02211,control,2026-01-14,8,1,5.0,9
C-02212,control,2026-01-13,7,0,,4
C-02213,control,2026-01-16,10,0,,4
C-02214,control,2026-01-27,21,0,,4
C-02215,control,2026-01-24,18,1,1.0,7
C-02216,control,2026-01-29,23,0,,2
C-02217,control,2026-01-14,8,0,,3
C-02218,control,2026-01-22,16,0,,3
C-02219,control,2026-01-17,11,0,,4
C-02220,control,2026-01-30,24,0,,2
C-02221,control,2026-01-19,13,1,4.0,13
C-02222,control,2026-01-20,14,1,8.0,16
C-02223,control,2026-01-21,15,0,,3
C-02224,control,2026-01-27,21,0,,2
C-02225,control,2026-01-27,21,0,,5
C-02226,control,2026-02-02,27,1,2.0,8
C-02227,control,2026-01-25,19,0,,1
C-02228,control,2026-01-06,0,1,1.0,11
C-02229,control,2026-01-15,9,0,,2
C-02230,control,2026-01-13,7,0,,3
C-02231,control,2026-01-23,17,1,13.0,14
C-02232,control,2026-02-02,27,1,11.0,13
C-02233,control,2026-01-06,0,0,,2
C-02234,control,2026-01-07,1,0,,4
C-02235,control,2026-01-06,0,0,,6
C-02236,control,2026-01-06,0,1,2.0,7
C-02237,control,2026-01-14,8,1,4.0,14
C-02238,control,2026-01-18,12,0,,2
C-02239,control,2026-01-06,0,1,1.0,6
C-02240,control,2026-01-18,12,0,,1
C-02241,control,2026-01-25,19,0,,2
C-02242,control,2026-01-31,25,0,,3
C-02243,control,2026-01-27,21,0,,4
C-02244,control,2026-01-12,6,0,,3
C-02245,control,2026-01-07,1,0,,4
C-02246,control,2026-01-11,5,0,,4
C-02247,control,2026-01-12,6,1,15.0,12
C-02248,control,2026-01-31,25,0,,2
C-02249,control,2026-01-19,13,0,,1
C-02250,control,2026-01-31,25,0,,3
C-02251,control,2026-01-23,17,1,5.0,8
C-02252,control,2026-01-20,14,0,,2
C-02253,control,2026-01-07,1,0,,3
C-02254,control,2026-01-15,9,1,5.0,12
C-02255,control,2026-01-28,22,0,,3
C-02256,control,2026-01-17,11,0,,2
C-02257,control,2026-01-22,16,1,1.0,8
C-02258,control,2026-01-13,7,0,,3
C-02259,control,2026-01-16,10,0,,5
C-02260,control,2026-01-08,2,0,,2
C-02261,control,2026-02-01,26,0,,6
C-02262,control,2026-01-11,5,0,,2
C-02263,control,2026-01-14,8,0,,2
C-02264,control,2026-01-11,5,0,,7
C-02265,control,2026-01-14,8,0,,2
C-02266,control,2026-01-12,6,1,1.0,10
C-02267,control,2026-01-14,8,0,,2
C-02268,control,2026-01-23,17,0,,5
C-02269,control,2026-01-17,11,1,7.0,13
C-02270,control,2026-01-13,7,0,,2
C-02271,control,2026-01-13,7,0,,2
C-02272,control,2026-01-23,17,1,14.0,10
C-02273,control,2026-02-02,27,0,,3
C-02274,control,2026-01-25,19,0,,2
C-02275,control,2026-01-20,14,1,30.0,11
C-02276,control,2026-02-01,26,0,,4
C-02277,control,2026-01-12,6,0,,3
C-02278,control,2026-01-16,10,0,,5
C-02279,control,2026-01-25,19,0,,6
C-02280,control,2026-01-21,15,0,,4
C-02281,control,2026-01-09,3,1,23.0,10
C-02282,control,2026-01-11,5,0,,6
C-02283,control,2026-01-31,25,1,1.0,11
C-02284,control,2026-01-27,21,0,,4
C-02285,control,2026-01-31,25,1,4.0,10
C-02286,control,2026-01-08,2,1,1.0,18
C-02287,control,2026-01-14,8,1,6.0,17
C-02288,control,2026-02-02,27,0,,2
C-02289,control,2026-01-15,9,0,,5
C-02290,control,2026-01-19,13,0,,4
C-02291,control,2026-01-16,10,1,5.0,12
C-02292,control,2026-01-23,17,1,5.0,14
C-02293,control,2026-01-27,21,0,,3
C-02294,control,2026-01-17,11,0,,4
C-02295,control,2026-01-28,22,0,,1
C-02296,control,2026-01-17,11,0,,5
C-02297,control,2026-01-18,12,0,,2
C-02298,control,2026-01-30,24,1,11.0,10
C-02299,control,2026-01-18,12,1,1.0,10
C-02300,control,2026-01-24,18,0,,4
C-02301,control,2026-01-31,25,0,,2
C-02302,control,2026-01-24,18,0,,2
C-02303,control,2026-01-28,22,0,,1
C-02304,control,2026-01-19,13,0,,1
C-02305,control,2026-01-09,3,0,,4
C-02306,control,2026-01-18,12,1,1.0,7
C-02307,control,2026-01-13,7,0,,2
C-02308,control,2026-01-28,22,0,,3
C-02309,control,2026-01-26,20,1,6.0,11
C-02310,control,2026-01-28,22,1,2.0,14
C-02311,control,2026-01-24,18,0,,2
C-02312,control,2026-01-17,11,0,,1
C-02313,control,2026-01-23,17,0,,5
C-02314,control,2026-01-11,5,1,13.0,8
C-02315,control,2026-01-23,17,1,5.0,14
C-02316,control,2026-01-24,18,1,3.0,12
C-02317,control,2026-01-27,21,0,,5
C-02318,control,2026-01-10,4,1,1.0,9
C-02319,control,2026-01-29,23,0,,5
C-02320,control,2026-01-14,8,0,,2
C-02321,control,2026-02-01,26,0,,1
C-02322,control,2026-01-08,2,0,,2
C-02323,control,2026-02-02,27,0,,2
C-02324,control,2026-01-15,9,1,1.0,11
C-02325,control,2026-01-24,18,1,1.0,13
C-02326,control,2026-01-08,2,0,,5
C-02327,control,2026-01-27,21,0,,5
C-02328,control,2026-01-20,14,0,,6
C-02329,control,2026-01-06,0,0,,5
C-02330,control,2026-01-12,6,0,,3
C-02331,control,2026-01-17,11,1,10.0,4
C-02332,control,2026-01-22,16,0,,4
C-02333,control,2026-01-26,20,0,,3
C-02334,control,2026-01-31,25,0,,3
C-02335,control,2026-01-29,23,1,5.0,11
C-02336,control,2026-01-25,19,1,1.0,10
C-02337,control,2026-01-10,4,1,1.0,14
C-02338,control,2026-01-09,3,1,1.0,12
C-02339,control,2026-02-02,27,0,,2
C-02340,control,2026-01-17,11,0,,3
C-02341,control,2026-01-25,19,1,4.0,8
C-02342,control,2026-02-02,27,0,,2
C-02343,control,2026-01-29,23,0,,2
C-02344,control,2026-01-23,17,0,,3
C-02345,control,2026-01-22,16,0,,4
C-02346,control,2026-01-24,18,0,,5
C-02347,control,2026-01-14,8,0,,1
C-02348,control,2026-01-09,3,1,18.0,10
C-02349,control,2026-01-31,25,0,,2
C-02350,control,2026-01-26,20,0,,2
C-02351,control,2026-01-07,1,0,,3
C-02352,control,2026-01-09,3,0,,3
C-02353,control,2026-01-07,1,0,,1
C-02354,control,2026-01-20,14,0,,2
C-02355,control,2026-01-07,1,0,,1
C-02356,control,2026-01-09,3,0,,3
C-02357,control,2026-01-11,5,0,,2
C-02358,control,2026-01-12,6,0,,2
C-02359,control,2026-01-15,9,0,,5
C-02360,control,2026-01-24,18,0,,2
C-02361,control,2026-01-24,18,0,,3
C-02362,control,2026-01-31,25,0,,1
C-02363,control,2026-01-27,21,0,,4
C-02364,control,2026-01-17,11,0,,4
C-02365,control,2026-01-08,2,0,,4
C-02366,control,2026-01-18,12,0,,3
C-02367,control,2026-01-23,17,1,6.0,15
C-02368,control,2026-01-13,7,1,8.0,11
C-02369,control,2026-01-26,20,1,9.0,9
C-02370,control,2026-01-20,14,0,,3
C-02371,control,2026-01-06,0,1,2.0,12
C-02372,control,2026-01-08,2,0,,2
C-02373,control,2026-01-31,25,0,,1
C-02374,control,2026-01-13,7,0,,6
C-02375,control,2026-01-09,3,0,,5
C-02376,control,2026-01-21,15,1,13.0,10
C-02377,control,2026-01-28,22,0,,1
C-02378,control,2026-01-15,9,1,3.0,11
C-02379,control,2026-01-17,11,0,,2
C-02380,control,2026-01-19,13,0,,2
C-02381,control,2026-01-19,13,0,,4
C-02382,control,2026-01-07,1,0,,5
C-02383,control,2026-01-28,22,1,9.0,9
C-02384,control,2026-01-10,4,0,,3
C-02385,control,2026-01-10,4,0,,6
C-02386,control,2026-01-11,5,1,3.0,10
C-02387,control,2026-01-18,12,0,,1
C-02388,control,2026-01-14,8,1,14.0,10
C-02389,control,2026-01-27,21,0,,1
C-02390,control,2026-02-02,27,0,,4
C-02391,control,2026-01-20,14,0,,2
C-02392,control,2026-01-19,13,0,,4
C-02393,control,2026-01-29,23,0,,3
C-02394,control,2026-01-12,6,0,,2
C-02395,control,2026-01-30,24,1,1.0,9
C-02396,control,2026-01-25,19,1,2.0,10
C-02397,control,2026-01-07,1,0,,6
C-02398,control,2026-01-12,6,0,,3
C-02399,control,2026-01-11,5,0,,4
C-02400,control,2026-01-22,16,0,,4
C-02401,control,2026-02-01,26,0,,2
C-02402,control,2026-01-30,24,0,,4
C-02403,control,2026-01-30,24,0,,4
C-02404,control,2026-02-02,27,0,,2
C-02405,control,2026-01-07,1,1,8.0,11
C-02406,control,2026-01-08,2,0,,5
C-02407,control,2026-01-10,4,0,,6
C-02408,control,2026-01-10,4,0,,1
C-02409,control,2026-01-06,0,0,,1
C-02410,control,2026-01-13,7,0,,2
C-02411,control,2026-01-17,11,0,,6
C-02412,control,2026-01-29,23,1,19.0,13
C-02413,control,2026-01-09,3,0,,3
C-02414,control,2026-01-18,12,0,,2
C-02415,control,2026-01-28,22,1,4.0,12
C-02416,control,2026-01-20,14,1,7.0,10
C-02417,control,2026-01-16,10,0,,4
C-02418,control,2026-01-15,9,0,,3
C-02419,control,2026-01-08,2,0,,5
C-02420,control,2026-01-27,21,0,,2
C-02421,control,2026-01-19,13,0,,1
C-02422,control,2026-01-21,15,0,,2
C-02423,control,2026-01-15,9,0,,3
C-02424,control,2026-01-15,9,0,,4
C-02425,control,2026-01-17,11,0,,4
C-02426,control,2026-01-14,8,0,,2
C-02427,control,2026-01-06,0,0,,6
C-02428,control,2026-01-10,4,0,,1
C-02429,control,2026-01-25,19,0,,2
C-02430,control,2026-01-13,7,0,,2
C-02431,control,2026-01-16,10,0,,3
C-02432,control,2026-01-17,11,0,,4
C-02433,control,2026-01-06,0,0,,1
C-02434,control,2026-01-30,24,0,,1
C-02435,control,2026-01-27,21,1,3.0,11
C-02436,control,2026-01-25,19,1,16.0,9
C-02437,control,2026-02-02,27,0,,2
C-02438,control,2026-01-30,24,0,,5
C-02439,control,2026-01-16,10,0,,2
C-02440,control,2026-01-10,4,0,,8
C-02441,control,2026-01-20,14,0,,1
C-02442,control,2026-01-10,4,1,9.0,14
C-02443,control,2026-01-17,11,0,,3
C-02444,control,2026-01-10,4,0,,4
C-02445,control,2026-01-22,16,1,1.0,8
C-02446,control,2026-01-22,16,1,11.0,10
C-02447,control,2026-01-29,23,1,14.0,9
C-02448,control,2026-01-17,11,0,,2
C-02449,control,2026-01-29,23,0,,1
C-02450,control,2026-02-02,27,0,,3
C-02451,control,2026-01-20,14,0,,3
C-02452,control,2026-01-20,14,0,,8
C-02453,control,2026-01-11,5,0,,1
C-02454,control,2026-01-17,11,1,2.0,9
C-02455,control,2026-02-01,26,0,,2
C-02456,control,2026-01-25,19,0,,2
C-02457,control,2026-01-23,17,0,,3
C-02458,control,2026-01-19,13,0,,4
C-02459,control,2026-01-07,1,0,,3
C-02460,control,2026-01-14,8,0,,3
C-02461,control,2026-01-10,4,0,,2
C-02462,control,2026-01-25,19,1,1.0,13
C-02463,control,2026-01-31,25,0,,4
C-02464,control,2026-01-06,0,1,3.0,15
C-02465,control,2026-01-28,22,0,,2
C-02466,control,2026-01-08,2,0,,5
C-02467,control,2026-01-11,5,0,,3
C-02468,control,2026-01-10,4,0,,4
C-02469,control,2026-01-26,20,0,,3
C-02470,control,2026-02-01,26,0,,1
C-02471,control,2026-01-10,4,1,2.0,6
C-02472,control,2026-01-06,0,1,14.0,12
C-02473,control,2026-01-22,16,0,,2
C-02474,control,2026-01-24,18,1,8.0,13
C-02475,control,2026-01-19,13,0,,2
C-02476,control,2026-01-17,11,1,10.0,13
C-02477,control,2026-01-15,9,0,,5
C-02478,control,2026-01-25,19,0,,5
C-02479,control,2026-01-26,20,1,1.0,11
C-02480,control,2026-01-23,17,0,,3
C-02481,control,2026-01-29,23,1,15.0,13
C-02482,control,2026-02-01,26,0,,3
C-02483,control,2026-01-16,10,0,,3
C-02484,control,2026-01-07,1,0,,1
C-02485,control,2026-01-30,24,0,,5
C-02486,control,2026-01-23,17,0,,5
C-02487,control,2026-01-30,24,1,2.0,10
C-02488,control,2026-01-12,6,0,,1
C-02489,control,2026-01-29,23,1,18.0,13
C-02490,control,2026-01-20,14,1,14.0,7
C-02491,control,2026-01-16,10,0,,3
C-02492,control,2026-01-23,17,1,8.0,15
C-02493,control,2026-01-28,22,1,16.0,14
C-02494,control,2026-01-17,11,1,13.0,11
C-02495,control,2026-01-11,5,1,3.0,15
C-02496,control,2026-01-25,19,1,1.0,8
C-02497,control,2026-01-28,22,0,,3
C-02498,control,2026-01-18,12,0,,3
C-02499,control,2026-01-25,19,1,7.0,7
C-02500,control,2026-01-21,15,0,,5
C-02501,control,2026-01-23,17,0,,3
C-02502,control,2026-01-15,9,0,,1
C-02503,control,2026-02-02,27,1,3.0,16
C-02504,control,2026-01-28,22,0,,5
C-02505,control,2026-01-13,7,1,1.0,9
C-02506,control,2026-01-23,17,0,,2
C-02507,control,2026-01-26,20,0,,2
C-02508,control,2026-01-06,0,0,,3
C-02509,control,2026-01-28,22,0,,3
C-02510,control,2026-01-13,7,1,2.0,11
C-02511,control,2026-01-11,5,1,4.0,8
C-02512,control,2026-01-10,4,1,14.0,9
C-02513,control,2026-01-20,14,0,,3
C-02514,control,2026-01-27,21,0,,5
C-02515,control,2026-01-20,14,1,3.0,18
C-02516,control,2026-01-07,1,1,13.0,14
C-02517,control,2026-01-06,0,0,,1
C-02518,control,2026-01-28,22,0,,2
C-02519,control,2026-01-28,22,0,,4
C-02520,control,2026-01-31,25,1,1.0,15
C-02521,control,2026-01-16,10,0,,4
C-02522,control,2026-01-15,9,0,,2
C-02523,control,2026-01-23,17,0,,5
C-02524,control,2026-01-23,17,1,8.0,8
C-02525,control,2026-01-22,16,0,,1
C-02526,control,2026-01-31,25,0,,2
C-02527,control,2026-01-13,7,0,,2
C-02528,control,2026-01-20,14,0,,1
C-02529,control,2026-01-13,7,0,,3
C-02530,control,2026-01-22,16,1,8.0,10
C-02531,control,2026-01-17,11,1,3.0,7
C-02532,control,2026-02-01,26,1,2.0,14
C-02533,control,2026-01-13,7,1,12.0,9
C-02534,control,2026-01-30,24,0,,1
C-02535,control,2026-01-19,13,1,7.0,12
C-02536,control,2026-01-09,3,0,,3
C-02537,control,2026-01-06,0,0,,1
C-02538,control,2026-01-06,0,1,1.0,10
C-02539,control,2026-01-24,18,0,,3
C-02540,control,2026-01-21,15,0,,1
C-02541,control,2026-01-19,13,0,,1
C-02542,control,2026-01-26,20,0,,4
C-02543,control,2026-01-21,15,0,,3
C-02544,control,2026-01-10,4,1,1.0,11
C-02545,control,2026-01-14,8,1,15.0,12
C-02546,control,2026-01-31,25,0,,5
C-02547,control,2026-02-02,27,0,,2
C-02548,control,2026-01-07,1,0,,2
C-02549,control,2026-01-23,17,1,13.0,8
C-02550,control,2026-01-11,5,0,,4
C-02551,control,2026-01-14,8,0,,6
C-02552,control,2026-01-06,0,0,,5
C-02553,control,2026-01-14,8,0,,2
C-02554,control,2026-01-30,24,0,,2
C-02555,control,2026-01-21,15,1,1.0,15
C-02556,control,2026-01-18,12,0,,3
C-02557,control,2026-01-14,8,1,11.0,14
C-02558,control,2026-01-26,20,0,,3
C-02559,control,2026-01-18,12,1,7.0,12
C-02560,control,2026-01-14,8,0,,4
C-02561,control,2026-01-16,10,0,,5
C-02562,control,2026-01-09,3,0,,1
C-02563,control,2026-01-07,1,0,,2
C-02564,control,2026-01-11,5,1,1.0,12
C-02565,control,2026-01-19,13,0,,2
C-02566,control,2026-01-09,3,1,2.0,15
C-02567,control,2026-01-11,5,0,,5
C-02568,control,2026-01-24,18,1,4.0,12
C-02569,control,2026-01-11,5,0,,1
C-02570,control,2026-01-07,1,1,18.0,16
C-02571,control,2026-01-23,17,0,,4
C-02572,control,2026-01-18,12,0,,1
C-02573,control,2026-01-14,8,1,10.0,18
C-02574,control,2026-01-28,22,0,,3
C-02575,control,2026-01-24,18,0,,2
C-02576,control,2026-01-18,12,0,,2
C-02577,control,2026-01-16,10,0,,3
C-02578,control,2026-01-06,0,0,,2
C-02579,control,2026-01-29,23,0,,1
C-02580,control,2026-01-27,21,0,,2
C-02581,control,2026-01-12,6,1,4.0,10
C-02582,control,2026-01-30,24,0,,5
C-02583,control,2026-01-26,20,1,4.0,12
C-02584,control,2026-01-20,14,1,5.0,9
C-02585,control,2026-01-06,0,0,,3
C-02586,control,2026-01-17,11,0,,5
C-02587,control,2026-01-31,25,0,,1
C-02588,control,2026-01-12,6,0,,2
C-02589,control,2026-01-20,14,1,4.0,11
C-02590,control,2026-01-26,20,0,,3
C-02591,control,2026-01-24,18,0,,1
C-02592,control,2026-02-02,27,0,,3
C-02593,control,2026-01-30,24,0,,3
C-02594,control,2026-01-06,0,0,,5
C-02595,control,2026-01-22,16,0,,2
C-02596,control,2026-01-22,16,1,5.0,11
C-02597,control,2026-01-08,2,0,,4
C-02598,control,2026-01-17,11,0,,1
C-02599,control,2026-01-11,5,1,25.0,9
C-02600,control,2026-01-31,25,0,,2
C-02601,control,2026-01-16,10,1,11.0,6
C-02602,control,2026-01-08,2,1,1.0,10
C-02603,control,2026-01-13,7,1,17.0,8
C-02604,control,2026-01-19,13,1,14.0,13
C-02605,control,2026-01-19,13,0,,3
C-02606,control,2026-01-15,9,1,1.0,14
C-02607,control,2026-01-07,1,0,,3
C-02608,control,2026-01-19,13,1,3.0,10
C-02609,control,2026-01-14,8,1,4.0,6
C-02610,control,2026-01-08,2,1,2.0,12
C-02611,control,2026-01-26,20,1,1.0,15
C-02612,control,2026-01-31,25,0,,3
C-02613,control,2026-01-13,7,1,5.0,11
C-02614,control,2026-01-21,15,0,,2
C-02615,control,2026-01-07,1,1,1.0,8
C-02616,control,2026-01-11,5,0,,3
C-02617,control,2026-02-02,27,0,,2
C-02618,control,2026-01-26,20,0,,1
C-02619,control,2026-01-31,25,0,,4
C-02620,control,2026-01-30,24,1,1.0,11
C-02621,control,2026-01-17,11,0,,1
C-02622,control,2026-01-10,4,0,,6
C-02623,control,2026-01-07,1,0,,2
C-02624,control,2026-01-21,15,1,7.0,11
C-02625,control,2026-01-10,4,0,,3
C-02626,control,2026-01-20,14,0,,1
C-02627,control,2026-01-17,11,0,,3
C-02628,control,2026-01-09,3,0,,2
C-02629,control,2026-01-20,14,0,,2
C-02630,control,2026-01-16,10,0,,2
C-02631,control,2026-01-21,15,0,,4
C-02632,control,2026-01-28,22,1,4.0,14
C-02633,control,2026-01-11,5,1,7.0,6
C-02634,control,2026-01-19,13,0,,5
C-02635,control,2026-01-23,17,1,24.0,12
C-02636,control,2026-01-17,11,0,,1
C-02637,control,2026-02-01,26,0,,7
C-02638,control,2026-01-16,10,0,,3
C-02639,control,2026-01-18,12,0,,4
C-02640,control,2026-01-26,20,0,,1
C-02641,control,2026-01-28,22,0,,3
C-02642,control,2026-01-16,10,0,,5
C-02643,control,2026-01-28,22,1,2.0,12
C-02644,control,2026-01-21,15,0,,3
C-02645,control,2026-01-20,14,0,,3
C-02646,control,2026-01-26,20,0,,2
C-02647,control,2026-02-02,27,0,,2
C-02648,control,2026-01-20,14,0,,1
C-02649,control,2026-01-30,24,0,,5
C-02650,control,2026-01-09,3,1,6.0,8
C-02651,control,2026-01-16,10,0,,3
C-02652,control,2026-01-24,18,0,,2
C-02653,control,2026-01-20,14,0,,2
C-02654,control,2026-01-09,3,0,,2
C-02655,control,2026-01-26,20,0,,4
C-02656,control,2026-01-18,12,1,9.0,8
C-02657,control,2026-01-27,21,0,,4
C-02658,control,2026-01-24,18,0,,3
C-02659,control,2026-01-07,1,0,,3
C-02660,control,2026-01-19,13,0,,2
C-02661,control,2026-01-09,3,0,,3
C-02662,control,2026-01-21,15,0,,5
C-02663,control,2026-01-26,20,0,,3
C-02664,control,2026-01-25,19,0,,3
C-02665,control,2026-01-19,13,0,,3
C-02666,control,2026-02-01,26,0,,3
C-02667,control,2026-01-20,14,0,,2
C-02668,control,2026-02-02,27,0,,3
C-02669,control,2026-01-08,2,1,5.0,13
C-02670,control,2026-01-13,7,0,,5
C-02671,control,2026-01-21,15,1,6.0,10
C-02672,control,2026-01-15,9,0,,2
C-02673,control,2026-01-09,3,0,,3
C-02674,control,2026-01-23,17,0,,2
C-02675,control,2026-01-07,1,0,,3
C-02676,control,2026-01-22,16,0,,3
C-02677,control,2026-01-18,12,0,,4
C-02678,control,2026-01-09,3,0,,3
C-02679,control,2026-01-31,25,0,,3
C-02680,control,2026-01-30,24,1,12.0,15
C-02681,control,2026-01-16,10,1,6.0,8
C-02682,control,2026-01-12,6,0,,6
C-02683,control,2026-01-17,11,0,,1
C-02684,control,2026-01-15,9,0,,2
C-02685,control,2026-01-12,6,0,,4
C-02686,control,2026-01-18,12,0,,4
C-02687,control,2026-01-12,6,1,1.0,12
C-02688,control,2026-01-29,23,0,,2
C-02689,control,2026-01-22,16,0,,3
C-02690,control,2026-01-15,9,0,,4
C-02691,control,2026-01-15,9,1,6.0,13
C-02692,control,2026-01-29,23,0,,5
C-02693,control,2026-01-09,3,0,,2
C-02694,control,2026-01-25,19,1,9.0,16
C-02695,control,2026-01-09,3,0,,2
C-02696,control,2026-01-27,21,1,16.0,11
C-02697,control,2026-01-12,6,0,,1
C-02698,control,2026-01-27,21,1,2.0,13
C-02699,control,2026-01-06,0,0,,1
C-02700,control,2026-01-17,11,0,,6
C-02701,control,2026-01-29,23,1,1.0,13
C-02702,control,2026-01-18,12,0,,3
C-02703,control,2026-01-15,9,0,,2
C-02704,control,2026-01-20,14,0,,1
C-02705,control,2026-02-01,26,0,,3
C-02706,control,2026-01-18,12,0,,6
C-02707,control,2026-01-28,22,0,,2
C-02708,control,2026-01-27,21,0,,3
C-02709,control,2026-01-27,21,0,,2
C-02710,control,2026-01-26,20,0,,3
C-02711,control,2026-01-27,21,0,,3
C-02712,control,2026-02-02,27,1,4.0,9
C-02713,control,2026-01-14,8,1,1.0,9
C-02714,control,2026-01-31,25,1,1.0,11
C-02715,control,2026-01-14,8,0,,2
C-02716,control,2026-01-20,14,0,,5
C-02717,control,2026-01-15,9,0,,2
C-02718,control,2026-01-29,23,0,,2
C-02719,control,2026-01-31,25,0,,2
C-02720,control,2026-01-30,24,0,,5
C-02721,control,2026-01-15,9,0,,1
C-02722,control,2026-01-13,7,1,2.0,9
C-02723,control,2026-01-29,23,0,,4
C-02724,control,2026-01-21,15,0,,1
C-02725,control,2026-01-22,16,0,,6
C-02726,control,2026-01-31,25,0,,3
C-02727,control,2026-02-01,26,1,7.0,12
C-02728,control,2026-01-10,4,0,,3
C-02729,control,2026-01-09,3,0,,3
C-02730,control,2026-01-23,17,0,,3
C-02731,control,2026-01-29,23,0,,3
C-02732,control,2026-01-24,18,0,,3
C-02733,control,2026-01-09,3,1,4.0,12
C-02734,control,2026-02-02,27,1,9.0,13
C-02735,control,2026-01-12,6,1,3.0,9
C-02736,control,2026-01-15,9,0,,2
C-02737,control,2026-01-30,24,1,16.0,17
C-02738,control,2026-01-23,17,0,,1
C-02739,control,2026-01-24,18,0,,2
C-02740,control,2026-01-09,3,0,,2
C-02741,control,2026-01-15,9,0,,4
C-02742,control,2026-01-06,0,0,,4
C-02743,control,2026-01-28,22,1,1.0,13
C-02744,control,2026-01-23,17,0,,5
C-02745,control,2026-01-10,4,0,,5
C-02746,control,2026-01-20,14,0,,1
C-02747,control,2026-01-22,16,1,25.0,10
C-02748,control,2026-01-08,2,1,4.0,10
C-02749,control,2026-01-17,11,1,5.0,11
C-02750,control,2026-01-07,1,0,,1
C-02751,control,2026-01-06,0,0,,3
C-02752,control,2026-01-28,22,0,,2
C-02753,control,2026-01-26,20,0,,4
C-02754,control,2026-01-22,16,0,,4
C-02755,control,2026-01-27,21,0,,1
C-02756,control,2026-01-21,15,0,,4
C-02757,control,2026-01-10,4,1,1.0,12
C-02758,control,2026-01-20,14,0,,3
C-02759,control,2026-01-08,2,0,,4
C-02760,control,2026-02-02,27,0,,4
C-02761,control,2026-01-12,6,1,3.0,8
C-02762,control,2026-01-16,10,1,1.0,12
C-02763,control,2026-01-15,9,1,8.0,17
C-02764,control,2026-01-14,8,1,1.0,11
C-02765,control,2026-01-19,13,0,,4
C-02766,control,2026-01-18,12,0,,3
C-02767,control,2026-01-30,24,0,,7
C-02768,control,2026-01-30,24,0,,5
C-02769,control,2026-01-07,1,0,,3
C-02770,control,2026-01-08,2,0,,3
C-02771,control,2026-01-12,6,1,12.0,13
C-02772,control,2026-01-26,20,1,1.0,16
C-02773,control,2026-01-23,17,1,4.0,17
C-02774,control,2026-01-08,2,1,5.0,8
C-02775,control,2026-01-15,9,1,1.0,12
C-02776,control,2026-01-27,21,0,,2
C-02777,control,2026-01-12,6,0,,5
C-02778,control,2026-01-14,8,1,12.0,11
C-02779,control,2026-01-22,16,1,18.0,10
C-02780,control,2026-01-16,10,0,,4
C-02781,control,2026-01-12,6,1,3.0,10
C-02782,control,2026-01-29,23,0,,1
C-02783,control,2026-02-02,27,0,,3
C-02784,control,2026-01-19,13,0,,3
C-02785,control,2026-01-24,18,0,,2
C-02786,control,2026-01-09,3,0,,3
C-02787,control,2026-01-31,25,0,,5
C-02788,control,2026-01-11,5,1,11.0,8
C-02789,control,2026-01-15,9,0,,4
C-02790,control,2026-01-12,6,0,,2
C-02791,control,2026-01-18,12,0,,3
C-02792,control,2026-01-19,13,0,,3
C-02793,control,2026-01-09,3,1,1.0,10
C-02794,control,2026-01-13,7,0,,1
C-02795,control,2026-01-10,4,1,4.0,9
C-02796,control,2026-01-06,0,0,,4
C-02797,control,2026-01-09,3,1,1.0,10
C-02798,control,2026-01-08,2,0,,4
C-02799,control,2026-01-14,8,0,,1
C-02800,control,2026-01-13,7,0,,5
C-02801,control,2026-01-06,0,0,,2
C-02802,control,2026-02-01,26,0,,4
C-02803,control,2026-01-11,5,0,,2
C-02804,control,2026-01-14,8,0,,2
C-02805,control,2026-01-12,6,0,,4
C-02806,control,2026-01-09,3,0,,1
C-02807,control,2026-01-18,12,1,1.0,10
C-02808,control,2026-01-22,16,0,,2
C-02809,control,2026-02-02,27,0,,5
C-02810,control,2026-01-07,1,0,,6
C-02811,control,2026-02-02,27,1,12.0,14
C-02812,control,2026-01-10,4,0,,2
C-02813,control,2026-01-17,11,1,18.0,11
C-02814,control,2026-02-01,26,1,20.0,7
C-02815,control,2026-01-26,20,1,5.0,13
C-02816,control,2026-01-13,7,0,,3
C-02817,control,2026-01-11,5,0,,2
C-02818,control,2026-01-13,7,1,5.0,12
C-02819,control,2026-01-23,17,0,,2
C-02820,control,2026-01-08,2,0,,6
C-02821,control,2026-01-27,21,0,,7
C-02822,control,2026-01-17,11,1,15.0,8
C-02823,control,2026-01-31,25,0,,6
C-02824,control,2026-01-08,2,1,3.0,16
C-02825,control,2026-01-27,21,0,,3
C-02826,control,2026-01-11,5,0,,1
C-02827,control,2026-01-07,1,0,,5
C-02828,control,2026-01-28,22,0,,4
C-02829,control,2026-01-17,11,1,3.0,11
C-02830,control,2026-01-07,1,1,7.0,11
C-02831,control,2026-01-11,5,0,,3
C-02832,control,2026-01-22,16,0,,2
C-02833,control,2026-01-08,2,0,,3
C-02834,control,2026-01-07,1,0,,1
C-02835,control,2026-01-28,22,0,,3
C-02836,control,2026-01-25,19,0,,2
C-02837,control,2026-01-13,7,0,,3
C-02838,control,2026-01-27,21,1,10.0,9
C-02839,control,2026-01-17,11,1,2.0,13
C-02840,control,2026-01-31,25,0,,2
C-02841,control,2026-01-09,3,1,7.0,14
C-02842,control,2026-01-10,4,0,,1
C-02843,control,2026-01-18,12,0,,4
C-02844,control,2026-01-20,14,0,,4
C-02845,control,2026-01-30,24,0,,4
C-02846,control,2026-01-28,22,0,,7
C-02847,control,2026-01-21,15,0,,3
T-00001,treatment,2026-01-27,21,0,,6
T-00002,treatment,2026-01-13,7,0,,4
T-00003,treatment,2026-01-12,6,0,,3
T-00004,treatment,2026-01-29,23,0,,2
T-00005,treatment,2026-01-26,20,1,1.0,8
T-00006,treatment,2026-01-14,8,1,3.0,15
T-00007,treatment,2026-01-27,21,1,1.0,10
T-00008,treatment,2026-01-17,11,0,,2
T-00009,treatment,2026-01-19,13,1,6.0,15
T-00010,treatment,2026-01-15,9,0,,4
T-00011,treatment,2026-01-21,15,1,14.0,15
T-00012,treatment,2026-01-07,1,0,,3
T-00013,treatment,2026-01-11,5,1,3.0,11
T-00014,treatment,2026-01-16,10,0,,6
T-00015,treatment,2026-01-09,3,1,5.0,8
T-00016,treatment,2026-01-10,4,1,1.0,8
T-00017,treatment,2026-01-10,4,0,,2
T-00018,treatment,2026-01-22,16,0,,3
T-00019,treatment,2026-01-31,25,0,,2
T-00020,treatment,2026-01-10,4,0,,4
T-00021,treatment,2026-01-31,25,1,16.0,11
T-00022,treatment,2026-01-16,10,0,,2
T-00023,treatment,2026-01-14,8,0,,4
T-00024,treatment,2026-01-20,14,0,,2
T-00025,treatment,2026-01-29,23,0,,2
T-00026,treatment,2026-01-29,23,1,5.0,12
T-00027,treatment,2026-01-08,2,1,7.0,10
T-00028,treatment,2026-01-21,15,0,,2
T-00029,treatment,2026-01-14,8,0,,3
T-00030,treatment,2026-01-30,24,1,1.0,13
T-00031,treatment,2026-01-31,25,0,,2
T-00032,treatment,2026-01-28,22,1,1.0,15
T-00033,treatment,2026-01-11,5,1,6.0,8
T-00034,treatment,2026-01-14,8,1,3.0,13
T-00035,treatment,2026-02-01,26,1,1.0,10
T-00036,treatment,2026-01-27,21,0,,7
T-00037,treatment,2026-01-24,18,1,1.0,12
T-00038,treatment,2026-01-11,5,0,,3
T-00039,treatment,2026-01-16,10,0,,4
T-00040,treatment,2026-01-07,1,0,,2
T-00041,treatment,2026-01-23,17,0,,3
T-00042,treatment,2026-02-02,27,0,,1
T-00043,treatment,2026-01-12,6,1,15.0,13
T-00044,treatment,2026-01-29,23,1,6.0,11
T-00045,treatment,2026-01-28,22,1,3.0,17
T-00046,treatment,2026-01-26,20,0,,3
T-00047,treatment,2026-01-09,3,0,,2
T-00048,treatment,2026-01-29,23,1,7.0,10
T-00049,treatment,2026-02-02,27,1,28.0,14
T-00050,treatment,2026-01-30,24,1,1.0,16
T-00051,treatment,2026-01-12,6,1,2.0,10
T-00052,treatment,2026-01-22,16,0,,4
T-00053,treatment,2026-01-09,3,0,,1
T-00054,treatment,2026-01-18,12,1,8.0,7
T-00055,treatment,2026-01-25,19,1,1.0,10
T-00056,treatment,2026-01-31,25,0,,4
T-00057,treatment,2026-01-24,18,0,,3
T-00058,treatment,2026-01-09,3,0,,1
T-00059,treatment,2026-01-30,24,1,5.0,11
T-00060,treatment,2026-01-18,12,0,,3
T-00061,treatment,2026-01-06,0,1,8.0,14
T-00062,treatment,2026-01-07,1,0,,2
T-00063,treatment,2026-01-12,6,0,,3
T-00064,treatment,2026-01-30,24,0,,5
T-00065,treatment,2026-01-28,22,1,8.0,9
T-00066,treatment,2026-01-22,16,0,,2
T-00067,treatment,2026-01-12,6,0,,4
T-00068,treatment,2026-01-27,21,0,,2
T-00069,treatment,2026-01-18,12,0,,3
T-00070,treatment,2026-01-22,16,0,,2
T-00071,treatment,2026-01-06,0,0,,4
T-00072,treatment,2026-02-02,27,0,,2
T-00073,treatment,2026-01-07,1,0,,4
T-00074,treatment,2026-01-11,5,0,,4
T-00075,treatment,2026-01-17,11,1,1.0,13
T-00076,treatment,2026-01-18,12,0,,3
T-00077,treatment,2026-01-25,19,1,11.0,14
T-00078,treatment,2026-01-25,19,0,,3
T-00079,treatment,2026-01-27,21,1,16.0,11
T-00080,treatment,2026-01-14,8,0,,3
T-00081,treatment,2026-01-22,16,0,,4
T-00082,treatment,2026-01-23,17,0,,2
T-00083,treatment,2026-01-13,7,0,,1
T-00084,treatment,2026-01-13,7,0,,5
T-00085,treatment,2026-02-01,26,1,1.0,9
T-00086,treatment,2026-01-16,10,1,9.0,17
T-00087,treatment,2026-01-27,21,0,,4
T-00088,treatment,2026-01-27,21,0,,1
T-00089,treatment,2026-02-02,27,1,1.0,14
T-00090,treatment,2026-01-13,7,1,22.0,12
T-00091,treatment,2026-01-23,17,0,,3
T-00092,treatment,2026-01-23,17,1,6.0,8
T-00093,treatment,2026-01-18,12,1,2.0,8
T-00094,treatment,2026-01-06,0,0,,2
T-00095,treatment,2026-01-20,14,0,,5
T-00096,treatment,2026-01-27,21,0,,1
T-00097,treatment,2026-01-11,5,1,28.0,15
T-00098,treatment,2026-01-11,5,1,3.0,12
T-00099,treatment,2026-01-18,12,1,26.0,15
T-00100,treatment,2026-02-01,26,1,7.0,9
T-00101,treatment,2026-01-07,1,0,,4
T-00102,treatment,2026-01-28,22,0,,2
T-00103,treatment,2026-01-24,18,1,2.0,10
T-00104,treatment,2026-01-22,16,1,2.0,10
T-00105,treatment,2026-01-06,0,0,,2
T-00106,treatment,2026-01-19,13,0,,3
T-00107,treatment,2026-01-21,15,0,,4
T-00108,treatment,2026-01-20,14,0,,2
T-00109,treatment,2026-01-14,8,0,,5
T-00110,treatment,2026-01-24,18,0,,5
T-00111,treatment,2026-01-13,7,0,,4
T-00112,treatment,2026-01-20,14,1,1.0,11
T-00113,treatment,2026-01-15,9,1,5.0,14
T-00114,treatment,2026-01-28,22,1,8.0,8
T-00115,treatment,2026-01-07,1,0,,4
T-00116,treatment,2026-01-23,17,1,2.0,17
T-00117,treatment,2026-01-25,19,0,,2
T-00118,treatment,2026-01-07,1,0,,2
T-00119,treatment,2026-01-26,20,1,6.0,9
T-00120,treatment,2026-01-17,11,0,,2
T-00121,treatment,2026-01-15,9,0,,3
T-00122,treatment,2026-01-17,11,0,,2
T-00123,treatment,2026-01-12,6,0,,6
T-00124,treatment,2026-01-07,1,1,4.0,12
T-00125,treatment,2026-01-30,24,1,21.0,9
T-00126,treatment,2026-01-06,0,0,,2
T-00127,treatment,2026-01-07,1,0,,4
T-00128,treatment,2026-01-28,22,0,,4
T-00129,treatment,2026-02-02,27,1,6.0,12
T-00130,treatment,2026-01-26,20,0,,2
T-00131,treatment,2026-01-22,16,0,,5
T-00132,treatment,2026-01-25,19,0,,4
T-00133,treatment,2026-01-13,7,0,,3
T-00134,treatment,2026-01-26,20,1,21.0,13
T-00135,treatment,2026-01-17,11,0,,3
T-00136,treatment,2026-01-07,1,1,1.0,6
T-00137,treatment,2026-01-14,8,1,4.0,9
T-00138,treatment,2026-01-22,16,0,,3
T-00139,treatment,2026-01-22,16,1,1.0,11
T-00140,treatment,2026-01-15,9,1,1.0,14
T-00141,treatment,2026-01-18,12,1,2.0,14
T-00142,treatment,2026-01-10,4,1,2.0,10
T-00143,treatment,2026-01-19,13,1,1.0,9
T-00144,treatment,2026-01-19,13,0,,2
T-00145,treatment,2026-01-20,14,1,1.0,15
T-00146,treatment,2026-01-30,24,0,,1
T-00147,treatment,2026-01-27,21,0,,3
T-00148,treatment,2026-01-10,4,0,,5
T-00149,treatment,2026-01-27,21,0,,4
T-00150,treatment,2026-01-11,5,0,,4
T-00151,treatment,2026-01-14,8,0,,4
T-00152,treatment,2026-01-14,8,1,12.0,7
T-00153,treatment,2026-01-26,20,1,2.0,11
T-00154,treatment,2026-01-09,3,0,,4
T-00155,treatment,2026-01-06,0,0,,3
T-00156,treatment,2026-01-27,21,0,,1
T-00157,treatment,2026-01-28,22,1,11.0,9
T-00158,treatment,2026-01-28,22,0,,1
T-00159,treatment,2026-01-20,14,0,,3
T-00160,treatment,2026-01-19,13,1,1.0,5
T-00161,treatment,2026-01-06,0,1,5.0,7
T-00162,treatment,2026-01-11,5,0,,3
T-00163,treatment,2026-01-13,7,1,22.0,10
T-00164,treatment,2026-01-08,2,1,3.0,10
T-00165,treatment,2026-01-22,16,0,,2
T-00166,treatment,2026-01-28,22,0,,1
T-00167,treatment,2026-01-25,19,0,,3
T-00168,treatment,2026-02-02,27,1,3.0,9
T-00169,treatment,2026-01-10,4,0,,4
T-00170,treatment,2026-01-23,17,0,,2
T-00171,treatment,2026-01-12,6,0,,3
T-00172,treatment,2026-01-22,16,0,,3
T-00173,treatment,2026-01-20,14,1,15.0,10
T-00174,treatment,2026-01-25,19,1,5.0,9
T-00175,treatment,2026-01-29,23,1,12.0,11
T-00176,treatment,2026-01-21,15,0,,2
T-00177,treatment,2026-01-18,12,1,30.0,11
T-00178,treatment,2026-02-02,27,0,,4
T-00179,treatment,2026-01-12,6,0,,3
T-00180,treatment,2026-01-20,14,1,1.0,7
T-00181,treatment,2026-01-28,22,1,18.0,8
T-00182,treatment,2026-01-28,22,0,,7
T-00183,treatment,2026-02-02,27,0,,1
T-00184,treatment,2026-01-10,4,0,,1
T-00185,treatment,2026-02-01,26,0,,1
T-00186,treatment,2026-01-17,11,1,11.0,10
T-00187,treatment,2026-02-02,27,0,,1
T-00188,treatment,2026-01-15,9,0,,3
T-00189,treatment,2026-01-24,18,1,1.0,7
T-00190,treatment,2026-01-15,9,0,,3
T-00191,treatment,2026-01-12,6,0,,2
T-00192,treatment,2026-01-29,23,1,5.0,15
T-00193,treatment,2026-01-28,22,0,,4
T-00194,treatment,2026-01-27,21,0,,3
T-00195,treatment,2026-01-20,14,0,,1
T-00196,treatment,2026-01-14,8,0,,4
T-00197,treatment,2026-02-01,26,1,4.0,5
T-00198,treatment,2026-01-11,5,1,1.0,9
T-00199,treatment,2026-01-26,20,1,2.0,12
T-00200,treatment,2026-01-16,10,0,,3
T-00201,treatment,2026-01-11,5,0,,4
T-00202,treatment,2026-01-31,25,0,,5
T-00203,treatment,2026-01-25,19,0,,2
T-00204,treatment,2026-01-20,14,0,,6
T-00205,treatment,2026-01-18,12,0,,1
T-00206,treatment,2026-01-11,5,0,,1
T-00207,treatment,2026-01-25,19,1,9.0,10
T-00208,treatment,2026-01-26,20,0,,1
T-00209,treatment,2026-01-20,14,1,2.0,11
T-00210,treatment,2026-01-11,5,0,,3
T-00211,treatment,2026-01-21,15,1,2.0,15
T-00212,treatment,2026-01-06,0,1,1.0,11
T-00213,treatment,2026-01-11,5,0,,4
T-00214,treatment,2026-01-21,15,0,,3
T-00215,treatment,2026-01-27,21,1,5.0,9
T-00216,treatment,2026-01-06,0,0,,6
T-00217,treatment,2026-01-12,6,0,,3
T-00218,treatment,2026-02-02,27,0,,3
T-00219,treatment,2026-01-15,9,0,,4
T-00220,treatment,2026-01-26,20,0,,4
T-00221,treatment,2026-01-13,7,0,,2
T-00222,treatment,2026-01-26,20,1,1.0,11
T-00223,treatment,2026-01-31,25,0,,2
T-00224,treatment,2026-01-10,4,1,7.0,10
T-00225,treatment,2026-01-23,17,0,,2
T-00226,treatment,2026-01-09,3,0,,2
T-00227,treatment,2026-01-25,19,0,,3
T-00228,treatment,2026-01-21,15,1,7.0,7
T-00229,treatment,2026-01-15,9,0,,3
T-00230,treatment,2026-01-31,25,1,30.0,12
T-00231,treatment,2026-01-21,15,0,,4
T-00232,treatment,2026-01-13,7,0,,2
T-00233,treatment,2026-01-24,18,0,,3
T-00234,treatment,2026-01-06,0,1,1.0,8
T-00235,treatment,2026-01-28,22,0,,2
T-00236,treatment,2026-01-14,8,0,,4
T-00237,treatment,2026-01-11,5,0,,4
T-00238,treatment,2026-01-18,12,0,,2
T-00239,treatment,2026-01-18,12,1,1.0,13
T-00240,treatment,2026-01-23,17,0,,4
T-00241,treatment,2026-01-19,13,0,,2
T-00242,treatment,2026-01-07,1,0,,6
T-00243,treatment,2026-01-21,15,0,,5
T-00244,treatment,2026-01-22,16,0,,6
T-00245,treatment,2026-01-27,21,0,,1
T-00246,treatment,2026-01-21,15,0,,2
T-00247,treatment,2026-01-19,13,0,,2
T-00248,treatment,2026-01-18,12,0,,2
T-00249,treatment,2026-01-21,15,0,,2
T-00250,treatment,2026-01-29,23,0,,3
T-00251,treatment,2026-01-06,0,0,,2
T-00252,treatment,2026-02-02,27,1,11.0,14
T-00253,treatment,2026-01-22,16,0,,2
T-00254,treatment,2026-01-06,0,1,10.0,13
T-00255,treatment,2026-01-15,9,0,,3
T-00256,treatment,2026-01-10,4,0,,2
T-00257,treatment,2026-01-12,6,0,,2
T-00258,treatment,2026-01-09,3,0,,3
T-00259,treatment,2026-01-06,0,0,,3
T-00260,treatment,2026-01-06,0,1,8.0,8
T-00261,treatment,2026-01-15,9,0,,5
T-00262,treatment,2026-01-08,2,0,,5
T-00263,treatment,2026-01-10,4,0,,3
T-00264,treatment,2026-01-18,12,1,5.0,14
T-00265,treatment,2026-01-26,20,0,,4
T-00266,treatment,2026-01-30,24,0,,2
T-00267,treatment,2026-01-14,8,0,,4
T-00268,treatment,2026-01-30,24,1,4.0,9
T-00269,treatment,2026-01-13,7,0,,2
T-00270,treatment,2026-01-16,10,0,,2
T-00271,treatment,2026-01-30,24,1,3.0,9
T-00272,treatment,2026-01-29,23,0,,4
T-00273,treatment,2026-01-19,13,1,2.0,14
T-00274,treatment,2026-01-13,7,0,,4
T-00275,treatment,2026-01-29,23,0,,1
T-00276,treatment,2026-01-29,23,0,,2
T-00277,treatment,2026-01-26,20,1,1.0,10
T-00278,treatment,2026-01-15,9,0,,2
T-00279,treatment,2026-01-08,2,0,,4
T-00280,treatment,2026-01-09,3,1,1.0,9
T-00281,treatment,2026-01-30,24,0,,4
T-00282,treatment,2026-01-28,22,1,1.0,14
T-00283,treatment,2026-01-17,11,0,,2
T-00284,treatment,2026-01-14,8,0,,3
T-00285,treatment,2026-01-16,10,0,,3
T-00286,treatment,2026-01-16,10,0,,6
T-00287,treatment,2026-01-21,15,1,10.0,14
T-00288,treatment,2026-01-18,12,0,,3
T-00289,treatment,2026-02-01,26,1,5.0,10
T-00290,treatment,2026-01-19,13,0,,3
T-00291,treatment,2026-01-12,6,0,,4
T-00292,treatment,2026-01-17,11,0,,1
T-00293,treatment,2026-01-29,23,0,,1
T-00294,treatment,2026-02-02,27,0,,2
T-00295,treatment,2026-01-24,18,0,,4
T-00296,treatment,2026-01-13,7,1,4.0,5
T-00297,treatment,2026-01-09,3,0,,5
T-00298,treatment,2026-01-27,21,0,,3
T-00299,treatment,2026-01-22,16,0,,4
T-00300,treatment,2026-01-07,1,0,,4
T-00301,treatment,2026-01-28,22,1,11.0,11
T-00302,treatment,2026-01-27,21,0,,3
T-00303,treatment,2026-01-18,12,0,,1
T-00304,treatment,2026-01-31,25,1,1.0,12
T-00305,treatment,2026-02-02,27,0,,2
T-00306,treatment,2026-01-26,20,0,,4
T-00307,treatment,2026-01-12,6,0,,3
T-00308,treatment,2026-01-23,17,0,,4
T-00309,treatment,2026-01-15,9,0,,2
T-00310,treatment,2026-01-09,3,1,4.0,10
T-00311,treatment,2026-01-26,20,0,,4
T-00312,treatment,2026-01-13,7,0,,1
T-00313,treatment,2026-01-27,21,0,,4
T-00314,treatment,2026-01-27,21,0,,4
T-00315,treatment,2026-01-26,20,1,5.0,10
T-00316,treatment,2026-01-31,25,1,3.0,11
T-00317,treatment,2026-01-18,12,0,,4
T-00318,treatment,2026-01-19,13,1,3.0,13
T-00319,treatment,2026-01-26,20,0,,3
T-00320,treatment,2026-01-22,16,1,11.0,9
T-00321,treatment,2026-01-17,11,1,2.0,11
T-00322,treatment,2026-01-09,3,0,,2
T-00323,treatment,2026-01-14,8,0,,3
T-00324,treatment,2026-01-20,14,1,3.0,12
T-00325,treatment,2026-01-20,14,1,3.0,13
T-00326,treatment,2026-01-23,17,1,3.0,13
T-00327,treatment,2026-02-01,26,0,,4
T-00328,treatment,2026-01-11,5,0,,1
T-00329,treatment,2026-01-07,1,0,,5
T-00330,treatment,2026-01-14,8,0,,1
T-00331,treatment,2026-01-10,4,1,1.0,12
T-00332,treatment,2026-01-30,24,1,2.0,7
T-00333,treatment,2026-01-17,11,0,,2
T-00334,treatment,2026-01-31,25,0,,2
T-00335,treatment,2026-01-10,4,0,,3
T-00336,treatment,2026-01-17,11,0,,2
T-00337,treatment,2026-01-30,24,0,,5
T-00338,treatment,2026-01-20,14,1,1.0,13
T-00339,treatment,2026-01-07,1,1,9.0,12
T-00340,treatment,2026-01-16,10,0,,1
T-00341,treatment,2026-01-28,22,1,5.0,15
T-00342,treatment,2026-01-29,23,0,,4
T-00343,treatment,2026-01-24,18,0,,3
T-00344,treatment,2026-01-22,16,0,,3
T-00345,treatment,2026-01-23,17,0,,2
T-00346,treatment,2026-01-15,9,1,6.0,6
T-00347,treatment,2026-01-10,4,1,3.0,13
T-00348,treatment,2026-01-30,24,0,,4
T-00349,treatment,2026-01-26,20,1,3.0,13
T-00350,treatment,2026-01-22,16,0,,3
T-00351,treatment,2026-02-02,27,0,,2
T-00352,treatment,2026-01-06,0,1,4.0,12
T-00353,treatment,2026-01-18,12,0,,2
T-00354,treatment,2026-01-07,1,0,,1
T-00355,treatment,2026-01-22,16,1,17.0,9
T-00356,treatment,2026-01-20,14,0,,2
T-00357,treatment,2026-01-13,7,0,,2
T-00358,treatment,2026-01-07,1,1,8.0,11
T-00359,treatment,2026-02-02,27,0,,2
T-00360,treatment,2026-02-01,26,1,3.0,14
T-00361,treatment,2026-01-13,7,1,4.0,11
T-00362,treatment,2026-02-01,26,0,,2
T-00363,treatment,2026-01-10,4,0,,1
T-00364,treatment,2026-01-22,16,1,2.0,9
T-00365,treatment,2026-01-09,3,0,,7
T-00366,treatment,2026-01-17,11,0,,2
T-00367,treatment,2026-01-23,17,0,,2
T-00368,treatment,2026-01-11,5,0,,2
T-00369,treatment,2026-01-10,4,0,,2
T-00370,treatment,2026-02-02,27,0,,5
T-00371,treatment,2026-01-30,24,0,,1
T-00372,treatment,2026-02-02,27,0,,1
T-00373,treatment,2026-01-24,18,0,,2
T-00374,treatment,2026-01-10,4,0,,3
T-00375,treatment,2026-01-15,9,1,1.0,8
T-00376,treatment,2026-01-28,22,1,4.0,13
T-00377,treatment,2026-01-30,24,0,,1
T-00378,treatment,2026-01-24,18,1,10.0,17
T-00379,treatment,2026-01-09,3,1,1.0,8
T-00380,treatment,2026-01-18,12,0,,4
T-00381,treatment,2026-01-18,12,1,2.0,9
T-00382,treatment,2026-01-22,16,1,17.0,18
T-00383,treatment,2026-01-23,17,0,,1
T-00384,treatment,2026-01-24,18,0,,4
T-00385,treatment,2026-01-31,25,1,30.0,12
T-00386,treatment,2026-01-28,22,0,,5
T-00387,treatment,2026-01-28,22,0,,5
T-00388,treatment,2026-01-22,16,0,,1
T-00389,treatment,2026-01-30,24,0,,3
T-00390,treatment,2026-01-08,2,1,1.0,11
T-00391,treatment,2026-01-18,12,0,,2
T-00392,treatment,2026-01-18,12,0,,3
T-00393,treatment,2026-01-08,2,1,1.0,16
T-00394,treatment,2026-01-07,1,1,1.0,5
T-00395,treatment,2026-01-20,14,1,4.0,13
T-00396,treatment,2026-01-08,2,0,,1
T-00397,treatment,2026-01-27,21,1,1.0,9
T-00398,treatment,2026-01-21,15,0,,2
T-00399,treatment,2026-01-15,9,1,6.0,6
T-00400,treatment,2026-01-25,19,0,,2
T-00401,treatment,2026-01-07,1,1,1.0,9
T-00402,treatment,2026-01-20,14,1,1.0,9
T-00403,treatment,2026-01-13,7,0,,3
T-00404,treatment,2026-01-18,12,0,,4
T-00405,treatment,2026-01-06,0,1,2.0,14
T-00406,treatment,2026-01-31,25,1,1.0,9
T-00407,treatment,2026-01-29,23,0,,4
T-00408,treatment,2026-01-07,1,0,,2
T-00409,treatment,2026-01-14,8,1,3.0,12
T-00410,treatment,2026-01-25,19,0,,3
T-00411,treatment,2026-01-25,19,0,,6
T-00412,treatment,2026-01-28,22,1,5.0,11
T-00413,treatment,2026-01-24,18,0,,4
T-00414,treatment,2026-01-17,11,0,,2
T-00415,treatment,2026-01-17,11,0,,3
T-00416,treatment,2026-01-15,9,1,1.0,17
T-00417,treatment,2026-01-24,18,0,,2
T-00418,treatment,2026-01-25,19,0,,3
T-00419,treatment,2026-01-15,9,0,,6
T-00420,treatment,2026-01-24,18,0,,4
T-00421,treatment,2026-01-31,25,0,,8
T-00422,treatment,2026-01-29,23,0,,5
T-00423,treatment,2026-01-14,8,0,,3
T-00424,treatment,2026-01-10,4,0,,3
T-00425,treatment,2026-02-02,27,0,,2
T-00426,treatment,2026-01-08,2,0,,2
T-00427,treatment,2026-01-28,22,1,16.0,15
T-00428,treatment,2026-01-24,18,0,,3
T-00429,treatment,2026-01-27,21,1,7.0,8
T-00430,treatment,2026-02-01,26,1,1.0,6
T-00431,treatment,2026-01-09,3,0,,4
T-00432,treatment,2026-01-28,22,0,,4
T-00433,treatment,2026-01-19,13,0,,2
T-00434,treatment,2026-01-11,5,0,,2
T-00435,treatment,2026-01-18,12,0,,4
T-00436,treatment,2026-02-02,27,0,,3
T-00437,treatment,2026-01-12,6,1,2.0,10
T-00438,treatment,2026-01-17,11,1,20.0,14
T-00439,treatment,2026-02-02,27,0,,4
T-00440,treatment,2026-01-25,19,0,,2
T-00441,treatment,2026-02-02,27,0,,2
T-00442,treatment,2026-02-02,27,0,,3
T-00443,treatment,2026-01-19,13,0,,1
T-00444,treatment,2026-01-18,12,0,,2
T-00445,treatment,2026-01-16,10,1,5.0,11
T-00446,treatment,2026-01-11,5,0,,4
T-00447,treatment,2026-01-31,25,0,,3
T-00448,treatment,2026-01-12,6,1,8.0,10
T-00449,treatment,2026-01-15,9,0,,2
T-00450,treatment,2026-01-29,23,0,,2
T-00451,treatment,2026-01-31,25,0,,3
T-00452,treatment,2026-01-20,14,0,,4
T-00453,treatment,2026-01-14,8,1,5.0,11
T-00454,treatment,2026-01-08,2,0,,1
T-00455,treatment,2026-01-10,4,0,,2
T-00456,treatment,2026-02-02,27,0,,2
T-00457,treatment,2026-01-15,9,1,5.0,11
T-00458,treatment,2026-01-20,14,0,,6
T-00459,treatment,2026-01-08,2,1,3.0,12
T-00460,treatment,2026-01-26,20,1,2.0,12
T-00461,treatment,2026-01-23,17,0,,3
T-00462,treatment,2026-01-08,2,0,,1
T-00463,treatment,2026-01-12,6,1,6.0,9
T-00464,treatment,2026-01-29,23,1,13.0,8
T-00465,treatment,2026-01-26,20,0,,4
T-00466,treatment,2026-01-19,13,0,,2
T-00467,treatment,2026-01-21,15,0,,2
T-00468,treatment,2026-01-24,18,0,,1
T-00469,treatment,2026-01-09,3,1,9.0,14
T-00470,treatment,2026-01-08,2,1,7.0,9
T-00471,treatment,2026-01-08,2,0,,2
T-00472,treatment,2026-01-14,8,1,6.0,9
T-00473,treatment,2026-01-09,3,1,3.0,19
T-00474,treatment,2026-01-27,21,0,,4
T-00475,treatment,2026-01-24,18,0,,1
T-00476,treatment,2026-01-29,23,1,1.0,9
T-00477,treatment,2026-02-02,27,0,,2
T-00478,treatment,2026-01-16,10,1,3.0,13
T-00479,treatment,2026-01-20,14,0,,6
T-00480,treatment,2026-01-09,3,1,1.0,10
T-00481,treatment,2026-01-13,7,1,18.0,9
T-00482,treatment,2026-01-07,1,0,,1
T-00483,treatment,2026-01-30,24,0,,1
T-00484,treatment,2026-01-23,17,0,,3
T-00485,treatment,2026-01-08,2,1,2.0,8
T-00486,treatment,2026-01-08,2,1,9.0,10
T-00487,treatment,2026-01-26,20,1,6.0,9
T-00488,treatment,2026-01-24,18,0,,5
T-00489,treatment,2026-01-17,11,0,,2
T-00490,treatment,2026-01-29,23,0,,2
T-00491,treatment,2026-01-19,13,0,,2
T-00492,treatment,2026-01-31,25,0,,2
T-00493,treatment,2026-01-28,22,0,,1
T-00494,treatment,2026-02-01,26,1,20.0,8
T-00495,treatment,2026-01-18,12,0,,2
T-00496,treatment,2026-01-21,15,1,1.0,11
T-00497,treatment,2026-01-22,16,0,,2
T-00498,treatment,2026-01-27,21,1,8.0,20
T-00499,treatment,2026-01-23,17,1,10.0,7
T-00500,treatment,2026-01-18,12,1,8.0,6
T-00501,treatment,2026-01-29,23,0,,3
T-00502,treatment,2026-01-31,25,1,24.0,14
T-00503,treatment,2026-01-18,12,0,,1
T-00504,treatment,2026-01-13,7,0,,2
T-00505,treatment,2026-01-12,6,1,17.0,16
T-00506,treatment,2026-01-13,7,1,3.0,14
T-00507,treatment,2026-01-22,16,0,,2
T-00508,treatment,2026-01-29,23,0,,3
T-00509,treatment,2026-01-06,0,0,,4
T-00510,treatment,2026-01-08,2,1,10.0,11
T-00511,treatment,2026-01-09,3,1,1.0,15
T-00512,treatment,2026-01-24,18,0,,2
T-00513,treatment,2026-02-02,27,1,6.0,18
T-00514,treatment,2026-01-07,1,0,,5
T-00515,treatment,2026-01-16,10,1,6.0,8
T-00516,treatment,2026-01-16,10,1,7.0,11
T-00517,treatment,2026-01-24,18,0,,2
T-00518,treatment,2026-01-30,24,1,10.0,13
T-00519,treatment,2026-02-02,27,0,,3
T-00520,treatment,2026-01-07,1,0,,6
T-00521,treatment,2026-01-10,4,1,1.0,10
T-00522,treatment,2026-01-24,18,0,,2
T-00523,treatment,2026-01-14,8,0,,3
T-00524,treatment,2026-01-12,6,1,1.0,14
T-00525,treatment,2026-01-31,25,0,,1
T-00526,treatment,2026-01-17,11,0,,2
T-00527,treatment,2026-02-02,27,0,,6
T-00528,treatment,2026-01-24,18,1,3.0,8
T-00529,treatment,2026-01-23,17,1,1.0,12
T-00530,treatment,2026-02-02,27,0,,3
T-00531,treatment,2026-01-23,17,1,3.0,9
T-00532,treatment,2026-01-26,20,1,7.0,13
T-00533,treatment,2026-01-14,8,1,4.0,6
T-00534,treatment,2026-01-07,1,0,,4
T-00535,treatment,2026-01-07,1,0,,7
T-00536,treatment,2026-01-20,14,1,5.0,14
T-00537,treatment,2026-01-29,23,1,9.0,8
T-00538,treatment,2026-01-21,15,0,,3
T-00539,treatment,2026-02-02,27,0,,2
T-00540,treatment,2026-01-19,13,0,,3
T-00541,treatment,2026-01-24,18,1,16.0,10
T-00542,treatment,2026-01-20,14,0,,5
T-00543,treatment,2026-01-08,2,1,1.0,9
T-00544,treatment,2026-01-11,5,0,,5
T-00545,treatment,2026-01-11,5,0,,3
T-00546,treatment,2026-01-27,21,0,,3
T-00547,treatment,2026-01-26,20,0,,2
T-00548,treatment,2026-01-25,19,0,,2
T-00549,treatment,2026-02-02,27,1,7.0,15
T-00550,treatment,2026-01-14,8,0,,2
T-00551,treatment,2026-01-16,10,0,,6
T-00552,treatment,2026-01-09,3,0,,1
T-00553,treatment,2026-01-19,13,0,,4
T-00554,treatment,2026-01-18,12,0,,4
T-00555,treatment,2026-01-20,14,1,13.0,11
T-00556,treatment,2026-01-22,16,0,,4
T-00557,treatment,2026-01-13,7,0,,1
T-00558,treatment,2026-01-16,10,0,,3
T-00559,treatment,2026-01-29,23,1,8.0,11
T-00560,treatment,2026-01-16,10,1,1.0,10
T-00561,treatment,2026-01-21,15,0,,2
T-00562,treatment,2026-01-08,2,1,1.0,14
T-00563,treatment,2026-01-30,24,0,,3
T-00564,treatment,2026-01-28,22,1,1.0,11
T-00565,treatment,2026-01-20,14,0,,2
T-00566,treatment,2026-01-18,12,0,,3
T-00567,treatment,2026-01-12,6,0,,2
T-00568,treatment,2026-01-10,4,0,,4
T-00569,treatment,2026-02-02,27,0,,4
T-00570,treatment,2026-01-17,11,0,,2
T-00571,treatment,2026-01-08,2,0,,3
T-00572,treatment,2026-01-31,25,0,,2
T-00573,treatment,2026-01-17,11,1,1.0,12
T-00574,treatment,2026-01-10,4,1,2.0,15
T-00575,treatment,2026-01-24,18,0,,3
T-00576,treatment,2026-01-24,18,0,,1
T-00577,treatment,2026-01-06,0,0,,4
T-00578,treatment,2026-01-25,19,0,,2
T-00579,treatment,2026-01-30,24,0,,2
T-00580,treatment,2026-01-17,11,0,,3
T-00581,treatment,2026-01-27,21,0,,5
T-00582,treatment,2026-01-27,21,1,2.0,15
T-00583,treatment,2026-01-11,5,1,5.0,14
T-00584,treatment,2026-01-26,20,1,6.0,13
T-00585,treatment,2026-01-23,17,1,1.0,15
T-00586,treatment,2026-01-26,20,1,2.0,12
T-00587,treatment,2026-01-21,15,0,,5
T-00588,treatment,2026-01-16,10,0,,2
T-00589,treatment,2026-01-15,9,1,8.0,6
T-00590,treatment,2026-01-08,2,0,,2
T-00591,treatment,2026-01-31,25,0,,3
T-00592,treatment,2026-02-01,26,0,,2
T-00593,treatment,2026-01-23,17,0,,6
T-00594,treatment,2026-01-17,11,0,,1
T-00595,treatment,2026-01-19,13,1,1.0,11
T-00596,treatment,2026-01-09,3,0,,2
T-00597,treatment,2026-01-15,9,0,,1
T-00598,treatment,2026-01-30,24,1,4.0,12
T-00599,treatment,2026-01-12,6,0,,3
T-00600,treatment,2026-01-21,15,1,1.0,10
T-00601,treatment,2026-01-31,25,1,5.0,14
T-00602,treatment,2026-01-14,8,0,,2
T-00603,treatment,2026-01-08,2,1,2.0,16
T-00604,treatment,2026-01-07,1,0,,2
T-00605,treatment,2026-01-30,24,1,2.0,17
T-00606,treatment,2026-01-11,5,1,1.0,10
T-00607,treatment,2026-01-15,9,1,5.0,12
T-00608,treatment,2026-01-09,3,1,24.0,15
T-00609,treatment,2026-01-09,3,0,,3
T-00610,treatment,2026-01-15,9,1,2.0,8
T-00611,treatment,2026-01-15,9,0,,4
T-00612,treatment,2026-01-18,12,0,,3
T-00613,treatment,2026-01-11,5,1,2.0,12
T-00614,treatment,2026-01-12,6,1,2.0,8
T-00615,treatment,2026-02-02,27,0,,5
T-00616,treatment,2026-02-01,26,1,3.0,9
T-00617,treatment,2026-01-31,25,0,,4
T-00618,treatment,2026-01-10,4,0,,4
T-00619,treatment,2026-01-20,14,0,,3
T-00620,treatment,2026-01-13,7,1,26.0,15
T-00621,treatment,2026-01-15,9,0,,6
T-00622,treatment,2026-01-17,11,1,1.0,14
T-00623,treatment,2026-01-22,16,1,1.0,11
T-00624,treatment,2026-01-21,15,1,3.0,16
T-00625,treatment,2026-01-06,0,0,,1
T-00626,treatment,2026-01-09,3,0,,3
T-00627,treatment,2026-01-13,7,0,,2
T-00628,treatment,2026-02-01,26,0,,4
T-00629,treatment,2026-01-29,23,1,7.0,12
T-00630,treatment,2026-01-11,5,0,,2
T-00631,treatment,2026-01-26,20,0,,4
T-00632,treatment,2026-01-15,9,1,4.0,7
T-00633,treatment,2026-01-31,25,1,2.0,18
T-00634,treatment,2026-01-23,17,0,,3
T-00635,treatment,2026-01-18,12,0,,3
T-00636,treatment,2026-01-10,4,1,5.0,5
T-00637,treatment,2026-01-17,11,0,,2
T-00638,treatment,2026-01-26,20,1,22.0,9
T-00639,treatment,2026-01-23,17,1,4.0,11
T-00640,treatment,2026-01-13,7,1,2.0,11
T-00641,treatment,2026-01-19,13,0,,3
T-00642,treatment,2026-01-20,14,0,,4
T-00643,treatment,2026-01-31,25,1,1.0,9
T-00644,treatment,2026-01-10,4,1,1.0,10
T-00645,treatment,2026-01-10,4,1,1.0,10
T-00646,treatment,2026-02-02,27,0,,2
T-00647,treatment,2026-01-22,16,0,,3
T-00648,treatment,2026-01-18,12,0,,5
T-00649,treatment,2026-01-22,16,0,,4
T-00650,treatment,2026-01-16,10,1,19.0,9
T-00651,treatment,2026-01-06,0,0,,2
T-00652,treatment,2026-01-29,23,0,,2
T-00653,treatment,2026-01-18,12,1,7.0,12
T-00654,treatment,2026-01-31,25,1,11.0,14
T-00655,treatment,2026-01-23,17,1,7.0,13
T-00656,treatment,2026-01-29,23,1,3.0,8
T-00657,treatment,2026-02-02,27,0,,1
T-00658,treatment,2026-01-11,5,0,,6
T-00659,treatment,2026-01-18,12,1,3.0,13
T-00660,treatment,2026-01-26,20,1,6.0,11
T-00661,treatment,2026-01-27,21,0,,5
T-00662,treatment,2026-01-25,19,0,,2
T-00663,treatment,2026-02-02,27,0,,5
T-00664,treatment,2026-01-16,10,1,4.0,17
T-00665,treatment,2026-01-24,18,1,16.0,21
T-00666,treatment,2026-02-01,26,0,,4
T-00667,treatment,2026-01-25,19,0,,1
T-00668,treatment,2026-01-14,8,1,6.0,12
T-00669,treatment,2026-01-18,12,1,1.0,6
T-00670,treatment,2026-01-20,14,0,,3
T-00671,treatment,2026-01-29,23,1,9.0,13
T-00672,treatment,2026-01-16,10,0,,1
T-00673,treatment,2026-01-29,23,0,,5
T-00674,treatment,2026-01-21,15,1,3.0,12
T-00675,treatment,2026-01-22,16,1,11.0,14
T-00676,treatment,2026-01-10,4,0,,4
T-00677,treatment,2026-01-27,21,1,1.0,11
T-00678,treatment,2026-01-19,13,1,2.0,7
T-00679,treatment,2026-01-20,14,1,4.0,5
T-00680,treatment,2026-01-14,8,1,10.0,9
T-00681,treatment,2026-01-19,13,0,,3
T-00682,treatment,2026-01-15,9,1,1.0,8
T-00683,treatment,2026-01-31,25,0,,4
T-00684,treatment,2026-01-27,21,0,,2
T-00685,treatment,2026-01-18,12,0,,4
T-00686,treatment,2026-01-22,16,1,23.0,12
T-00687,treatment,2026-01-06,0,0,,2
T-00688,treatment,2026-01-19,13,0,,5
T-00689,treatment,2026-01-17,11,0,,2
T-00690,treatment,2026-01-12,6,1,1.0,10
T-00691,treatment,2026-01-08,2,0,,3
T-00692,treatment,2026-01-28,22,1,6.0,10
T-00693,treatment,2026-01-26,20,1,1.0,10
T-00694,treatment,2026-01-06,0,1,1.0,12
T-00695,treatment,2026-02-01,26,0,,3
T-00696,treatment,2026-01-29,23,1,8.0,11
T-00697,treatment,2026-01-18,12,0,,5
T-00698,treatment,2026-01-30,24,1,8.0,10
T-00699,treatment,2026-01-27,21,1,1.0,14
T-00700,treatment,2026-01-07,1,0,,1
T-00701,treatment,2026-01-14,8,1,17.0,12
T-00702,treatment,2026-01-23,17,1,5.0,13
T-00703,treatment,2026-01-27,21,1,23.0,13
T-00704,treatment,2026-01-31,25,0,,3
T-00705,treatment,2026-01-09,3,1,1.0,13
T-00706,treatment,2026-01-21,15,0,,2
T-00707,treatment,2026-01-11,5,0,,3
T-00708,treatment,2026-01-25,19,1,1.0,13
T-00709,treatment,2026-02-01,26,1,14.0,10
T-00710,treatment,2026-01-08,2,0,,2
T-00711,treatment,2026-02-02,27,1,5.0,8
T-00712,treatment,2026-01-16,10,1,8.0,15
T-00713,treatment,2026-01-29,23,1,1.0,6
T-00714,treatment,2026-01-10,4,0,,4
T-00715,treatment,2026-01-06,0,1,6.0,8
T-00716,treatment,2026-01-13,7,1,4.0,8
T-00717,treatment,2026-01-24,18,0,,4
T-00718,treatment,2026-01-09,3,1,1.0,10
T-00719,treatment,2026-01-14,8,0,,2
T-00720,treatment,2026-01-08,2,0,,5
T-00721,treatment,2026-01-10,4,0,,3
T-00722,treatment,2026-02-02,27,0,,8
T-00723,treatment,2026-01-21,15,0,,3
T-00724,treatment,2026-01-13,7,1,2.0,13
T-00725,treatment,2026-01-11,5,1,5.0,11
T-00726,treatment,2026-01-08,2,0,,5
T-00727,treatment,2026-01-21,15,0,,1
T-00728,treatment,2026-01-13,7,0,,3
T-00729,treatment,2026-01-18,12,0,,1
T-00730,treatment,2026-01-10,4,1,4.0,14
T-00731,treatment,2026-01-11,5,0,,1
T-00732,treatment,2026-02-01,26,0,,1
T-00733,treatment,2026-01-08,2,1,12.0,15
T-00734,treatment,2026-01-13,7,1,3.0,11
T-00735,treatment,2026-01-09,3,0,,3
T-00736,treatment,2026-01-30,24,1,8.0,18
T-00737,treatment,2026-01-26,20,0,,2
T-00738,treatment,2026-01-22,16,1,3.0,12
T-00739,treatment,2026-01-30,24,0,,3
T-00740,treatment,2026-01-13,7,1,10.0,12
T-00741,treatment,2026-01-26,20,0,,4
T-00742,treatment,2026-01-24,18,0,,3
T-00743,treatment,2026-01-19,13,1,1.0,10
T-00744,treatment,2026-01-14,8,0,,2
T-00745,treatment,2026-01-17,11,0,,4
T-00746,treatment,2026-01-18,12,0,,3
T-00747,treatment,2026-01-28,22,0,,2
T-00748,treatment,2026-02-02,27,1,1.0,11
T-00749,treatment,2026-02-01,26,0,,1
T-00750,treatment,2026-01-13,7,0,,1
T-00751,treatment,2026-01-08,2,0,,3
T-00752,treatment,2026-01-27,21,1,10.0,10
T-00753,treatment,2026-02-02,27,0,,3
T-00754,treatment,2026-01-20,14,1,13.0,15
T-00755,treatment,2026-01-25,19,0,,4
T-00756,treatment,2026-01-24,18,0,,1
T-00757,treatment,2026-01-09,3,1,8.0,11
T-00758,treatment,2026-01-07,1,1,10.0,7
T-00759,treatment,2026-01-10,4,1,8.0,11
T-00760,treatment,2026-01-29,23,1,14.0,7
T-00761,treatment,2026-01-26,20,0,,4
T-00762,treatment,2026-01-07,1,0,,4
T-00763,treatment,2026-01-12,6,0,,2
T-00764,treatment,2026-01-29,23,0,,2
T-00765,treatment,2026-01-16,10,0,,4
T-00766,treatment,2026-01-17,11,0,,4
T-00767,treatment,2026-01-09,3,0,,2
T-00768,treatment,2026-01-08,2,0,,4
T-00769,treatment,2026-01-13,7,1,1.0,10
T-00770,treatment,2026-01-31,25,0,,3
T-00771,treatment,2026-01-23,17,1,30.0,12
T-00772,treatment,2026-01-28,22,0,,1
T-00773,treatment,2026-01-31,25,1,1.0,7
T-00774,treatment,2026-01-29,23,0,,1
T-00775,treatment,2026-01-10,4,0,,3
T-00776,treatment,2026-01-21,15,0,,3
T-00777,treatment,2026-01-28,22,1,5.0,15
T-00778,treatment,2026-01-17,11,1,25.0,18
T-00779,treatment,2026-01-14,8,0,,6
T-00780,treatment,2026-01-13,7,0,,2
T-00781,treatment,2026-01-10,4,1,5.0,12
T-00782,treatment,2026-01-25,19,1,5.0,7
T-00783,treatment,2026-01-24,18,0,,2
T-00784,treatment,2026-01-20,14,1,1.0,10
T-00785,treatment,2026-01-27,21,0,,3
T-00786,treatment,2026-01-25,19,1,1.0,8
T-00787,treatment,2026-01-16,10,1,2.0,11
T-00788,treatment,2026-01-25,19,0,,8
T-00789,treatment,2026-01-18,12,0,,1
T-00790,treatment,2026-01-28,22,1,23.0,13
T-00791,treatment,2026-01-31,25,0,,4
T-00792,treatment,2026-01-18,12,0,,1
T-00793,treatment,2026-01-26,20,0,,3
T-00794,treatment,2026-01-22,16,0,,3
T-00795,treatment,2026-01-26,20,1,10.0,10
T-00796,treatment,2026-01-21,15,1,1.0,12
T-00797,treatment,2026-01-27,21,0,,7
T-00798,treatment,2026-01-22,16,0,,3
T-00799,treatment,2026-01-24,18,0,,6
T-00800,treatment,2026-01-27,21,0,,2
T-00801,treatment,2026-01-19,13,1,4.0,14
T-00802,treatment,2026-01-28,22,0,,3
T-00803,treatment,2026-01-12,6,0,,3
T-00804,treatment,2026-01-28,22,1,3.0,11
T-00805,treatment,2026-01-14,8,0,,3
T-00806,treatment,2026-01-07,1,1,6.0,9
T-00807,treatment,2026-01-24,18,0,,2
T-00808,treatment,2026-01-28,22,0,,3
T-00809,treatment,2026-01-11,5,0,,4
T-00810,treatment,2026-01-06,0,1,6.0,9
T-00811,treatment,2026-01-31,25,1,2.0,6
T-00812,treatment,2026-01-12,6,1,4.0,11
T-00813,treatment,2026-01-21,15,0,,5
T-00814,treatment,2026-01-07,1,0,,5
T-00815,treatment,2026-01-09,3,0,,3
T-00816,treatment,2026-01-28,22,1,7.0,9
T-00817,treatment,2026-01-25,19,1,1.0,7
T-00818,treatment,2026-01-27,21,1,15.0,14
T-00819,treatment,2026-01-19,13,0,,4
T-00820,treatment,2026-01-16,10,0,,2
T-00821,treatment,2026-01-14,8,0,,4
T-00822,treatment,2026-01-10,4,0,,1
T-00823,treatment,2026-01-08,2,0,,3
T-00824,treatment,2026-01-27,21,0,,4
T-00825,treatment,2026-01-25,19,0,,3
T-00826,treatment,2026-01-30,24,0,,3
T-00827,treatment,2026-01-07,1,0,,1
T-00828,treatment,2026-01-15,9,0,,5
T-00829,treatment,2026-01-26,20,0,,4
T-00830,treatment,2026-01-30,24,1,5.0,15
T-00831,treatment,2026-01-15,9,1,8.0,12
T-00832,treatment,2026-01-12,6,0,,2
T-00833,treatment,2026-01-20,14,1,3.0,13
T-00834,treatment,2026-01-10,4,0,,4
T-00835,treatment,2026-01-13,7,0,,4
T-00836,treatment,2026-01-23,17,0,,1
T-00837,treatment,2026-01-25,19,0,,3
T-00838,treatment,2026-01-11,5,1,1.0,17
T-00839,treatment,2026-01-28,22,1,8.0,13
T-00840,treatment,2026-01-16,10,0,,2
T-00841,treatment,2026-01-13,7,0,,2
T-00842,treatment,2026-01-09,3,0,,5
T-00843,treatment,2026-01-30,24,0,,1
T-00844,treatment,2026-01-12,6,0,,1
T-00845,treatment,2026-01-07,1,0,,3
T-00846,treatment,2026-01-20,14,0,,5
T-00847,treatment,2026-01-14,8,1,1.0,12
T-00848,treatment,2026-01-28,22,0,,2
T-00849,treatment,2026-01-26,20,0,,2
T-00850,treatment,2026-01-24,18,0,,2
T-00851,treatment,2026-01-30,24,1,6.0,10
T-00852,treatment,2026-01-28,22,0,,3
T-00853,treatment,2026-01-24,18,0,,2
T-00854,treatment,2026-01-10,4,0,,1
T-00855,treatment,2026-01-24,18,1,1.0,13
T-00856,treatment,2026-01-08,2,1,9.0,8
T-00857,treatment,2026-01-17,11,0,,5
T-00858,treatment,2026-01-12,6,0,,2
T-00859,treatment,2026-01-30,24,0,,6
T-00860,treatment,2026-01-10,4,1,22.0,14
T-00861,treatment,2026-01-17,11,1,2.0,9
T-00862,treatment,2026-02-01,26,0,,5
T-00863,treatment,2026-01-09,3,0,,1
T-00864,treatment,2026-01-25,19,1,12.0,11
T-00865,treatment,2026-01-24,18,0,,4
T-00866,treatment,2026-01-18,12,0,,2
T-00867,treatment,2026-01-20,14,0,,4
T-00868,treatment,2026-01-29,23,0,,1
T-00869,treatment,2026-01-15,9,0,,3
T-00870,treatment,2026-02-02,27,1,12.0,9
T-00871,treatment,2026-01-06,0,1,11.0,11
T-00872,treatment,2026-01-08,2,1,1.0,11
T-00873,treatment,2026-01-23,17,1,5.0,16
T-00874,treatment,2026-01-21,15,0,,3
T-00875,treatment,2026-01-17,11,0,,3
T-00876,treatment,2026-01-21,15,0,,4
T-00877,treatment,2026-01-16,10,1,3.0,9
T-00878,treatment,2026-01-16,10,0,,2
T-00879,treatment,2026-02-02,27,1,13.0,8
T-00880,treatment,2026-01-28,22,0,,3
T-00881,treatment,2026-01-27,21,0,,1
T-00882,treatment,2026-01-19,13,0,,3
T-00883,treatment,2026-01-22,16,1,4.0,13
T-00884,treatment,2026-01-24,18,0,,6
T-00885,treatment,2026-01-16,10,1,7.0,10
T-00886,treatment,2026-01-09,3,0,,3
T-00887,treatment,2026-01-15,9,0,,3
T-00888,treatment,2026-02-01,26,0,,3
T-00889,treatment,2026-01-28,22,1,6.0,13
T-00890,treatment,2026-01-24,18,0,,3
T-00891,treatment,2026-01-09,3,0,,6
T-00892,treatment,2026-01-16,10,0,,2
T-00893,treatment,2026-01-12,6,0,,3
T-00894,treatment,2026-01-25,19,0,,1
T-00895,treatment,2026-01-14,8,1,3.0,10
T-00896,treatment,2026-02-02,27,1,8.0,11
T-00897,treatment,2026-01-27,21,0,,2
T-00898,treatment,2026-01-07,1,1,18.0,15
T-00899,treatment,2026-02-01,26,0,,4
T-00900,treatment,2026-01-06,0,0,,4
T-00901,treatment,2026-01-13,7,1,6.0,12
T-00902,treatment,2026-02-01,26,0,,4
T-00903,treatment,2026-01-24,18,1,2.0,9
T-00904,treatment,2026-01-28,22,0,,5
T-00905,treatment,2026-01-21,15,0,,2
T-00906,treatment,2026-01-19,13,0,,3
T-00907,treatment,2026-01-09,3,0,,3
T-00908,treatment,2026-01-24,18,0,,1
T-00909,treatment,2026-01-30,24,0,,2
T-00910,treatment,2026-01-27,21,0,,3
T-00911,treatment,2026-01-27,21,0,,2
T-00912,treatment,2026-01-11,5,1,20.0,11
T-00913,treatment,2026-01-20,14,1,1.0,14
T-00914,treatment,2026-01-18,12,0,,3
T-00915,treatment,2026-01-24,18,0,,1
T-00916,treatment,2026-01-27,21,1,9.0,12
T-00917,treatment,2026-01-09,3,0,,2
T-00918,treatment,2026-01-07,1,1,1.0,13
T-00919,treatment,2026-01-08,2,0,,7
T-00920,treatment,2026-01-19,13,1,1.0,11
T-00921,treatment,2026-01-09,3,1,9.0,8
T-00922,treatment,2026-01-21,15,0,,4
T-00923,treatment,2026-01-16,10,1,13.0,11
T-00924,treatment,2026-01-18,12,1,1.0,16
T-00925,treatment,2026-01-06,0,1,3.0,12
T-00926,treatment,2026-01-18,12,1,18.0,13
T-00927,treatment,2026-01-20,14,0,,5
T-00928,treatment,2026-01-12,6,1,10.0,9
T-00929,treatment,2026-02-02,27,1,10.0,14
T-00930,treatment,2026-01-10,4,0,,1
T-00931,treatment,2026-02-02,27,1,21.0,15
T-00932,treatment,2026-02-01,26,1,12.0,12
T-00933,treatment,2026-01-30,24,0,,4
T-00934,treatment,2026-01-11,5,0,,2
T-00935,treatment,2026-01-29,23,1,30.0,8
T-00936,treatment,2026-01-14,8,0,,4
T-00937,treatment,2026-01-11,5,0,,5
T-00938,treatment,2026-01-28,22,0,,3
T-00939,treatment,2026-01-11,5,1,15.0,15
T-00940,treatment,2026-01-27,21,0,,4
T-00941,treatment,2026-01-07,1,1,26.0,16
T-00942,treatment,2026-01-26,20,0,,1
T-00943,treatment,2026-01-11,5,1,3.0,9
T-00944,treatment,2026-01-15,9,0,,2
T-00945,treatment,2026-01-10,4,0,,4
T-00946,treatment,2026-01-25,19,0,,2
T-00947,treatment,2026-01-17,11,1,6.0,10
T-00948,treatment,2026-01-11,5,0,,2
T-00949,treatment,2026-01-11,5,0,,3
T-00950,treatment,2026-01-13,7,0,,3
T-00951,treatment,2026-01-29,23,0,,2
T-00952,treatment,2026-01-31,25,0,,4
T-00953,treatment,2026-01-22,16,1,6.0,9
T-00954,treatment,2026-01-23,17,0,,3
T-00955,treatment,2026-01-16,10,1,13.0,10
T-00956,treatment,2026-01-06,0,0,,4
T-00957,treatment,2026-01-31,25,1,1.0,13
T-00958,treatment,2026-01-12,6,0,,1
T-00959,treatment,2026-01-13,7,1,17.0,15
T-00960,treatment,2026-01-08,2,1,2.0,9
T-00961,treatment,2026-01-24,18,0,,2
T-00962,treatment,2026-01-21,15,0,,6
T-00963,treatment,2026-01-28,22,1,5.0,14
T-00964,treatment,2026-01-13,7,0,,4
T-00965,treatment,2026-01-11,5,0,,4
T-00966,treatment,2026-01-29,23,0,,3
T-00967,treatment,2026-01-07,1,1,1.0,12
T-00968,treatment,2026-01-28,22,1,2.0,8
T-00969,treatment,2026-01-17,11,0,,2
T-00970,treatment,2026-01-26,20,0,,4
T-00971,treatment,2026-01-11,5,1,2.0,12
T-00972,treatment,2026-01-19,13,1,1.0,7
T-00973,treatment,2026-01-12,6,0,,2
T-00974,treatment,2026-01-14,8,0,,2
T-00975,treatment,2026-01-12,6,0,,4
T-00976,treatment,2026-01-20,14,0,,6
T-00977,treatment,2026-01-17,11,1,4.0,14
T-00978,treatment,2026-02-01,26,1,1.0,9
T-00979,treatment,2026-01-22,16,0,,3
T-00980,treatment,2026-01-20,14,1,1.0,15
T-00981,treatment,2026-01-20,14,1,1.0,12
T-00982,treatment,2026-01-26,20,0,,3
T-00983,treatment,2026-02-01,26,0,,4
T-00984,treatment,2026-01-19,13,0,,3
T-00985,treatment,2026-01-16,10,0,,3
T-00986,treatment,2026-01-16,10,0,,3
T-00987,treatment,2026-01-25,19,0,,3
T-00988,treatment,2026-01-18,12,1,19.0,9
T-00989,treatment,2026-01-18,12,1,1.0,10
T-00990,treatment,2026-01-13,7,0,,2
T-00991,treatment,2026-01-12,6,0,,5
T-00992,treatment,2026-01-25,19,0,,3
T-00993,treatment,2026-01-18,12,1,4.0,9
T-00994,treatment,2026-01-16,10,1,6.0,11
T-00995,treatment,2026-01-24,18,1,16.0,8
T-00996,treatment,2026-01-11,5,1,13.0,10
T-00997,treatment,2026-01-13,7,0,,3
T-00998,treatment,2026-01-24,18,0,,4
T-00999,treatment,2026-01-10,4,0,,2
T-01000,treatment,2026-01-15,9,0,,1
T-01001,treatment,2026-01-06,0,0,,2
T-01002,treatment,2026-01-31,25,0,,5
T-01003,treatment,2026-01-17,11,0,,7
T-01004,treatment,2026-01-31,25,1,6.0,8
T-01005,treatment,2026-01-29,23,0,,4
T-01006,treatment,2026-01-12,6,0,,4
T-01007,treatment,2026-01-13,7,0,,3
T-01008,treatment,2026-01-23,17,0,,6
T-01009,treatment,2026-01-12,6,1,1.0,9
T-01010,treatment,2026-01-19,13,0,,2
T-01011,treatment,2026-01-25,19,1,7.0,12
T-01012,treatment,2026-01-23,17,0,,2
T-01013,treatment,2026-01-30,24,0,,2
T-01014,treatment,2026-01-26,20,1,26.0,13
T-01015,treatment,2026-01-28,22,0,,5
T-01016,treatment,2026-01-09,3,0,,3
T-01017,treatment,2026-01-15,9,0,,2
T-01018,treatment,2026-01-16,10,0,,3
T-01019,treatment,2026-01-16,10,0,,2
T-01020,treatment,2026-01-25,19,0,,2
T-01021,treatment,2026-01-24,18,0,,2
T-01022,treatment,2026-01-06,0,1,13.0,7
T-01023,treatment,2026-01-07,1,1,1.0,12
T-01024,treatment,2026-01-14,8,0,,2
T-01025,treatment,2026-01-22,16,0,,3
T-01026,treatment,2026-01-10,4,0,,5
T-01027,treatment,2026-01-07,1,0,,4
T-01028,treatment,2026-01-09,3,0,,3
T-01029,treatment,2026-02-01,26,1,1.0,6
T-01030,treatment,2026-01-12,6,0,,5
T-01031,treatment,2026-01-26,20,1,10.0,12
T-01032,treatment,2026-01-22,16,0,,2
T-01033,treatment,2026-01-08,2,1,1.0,8
T-01034,treatment,2026-01-31,25,0,,2
T-01035,treatment,2026-01-14,8,1,3.0,8
T-01036,treatment,2026-01-06,0,0,,3
T-01037,treatment,2026-01-31,25,0,,4
T-01038,treatment,2026-01-25,19,1,3.0,11
T-01039,treatment,2026-01-26,20,0,,4
T-01040,treatment,2026-01-21,15,1,10.0,9
T-01041,treatment,2026-01-31,25,1,12.0,15
T-01042,treatment,2026-01-08,2,0,,1
T-01043,treatment,2026-01-24,18,1,1.0,7
T-01044,treatment,2026-01-21,15,0,,3
T-01045,treatment,2026-01-06,0,0,,4
T-01046,treatment,2026-01-27,21,1,11.0,9
T-01047,treatment,2026-01-17,11,1,2.0,12
T-01048,treatment,2026-01-25,19,0,,3
T-01049,treatment,2026-01-29,23,1,5.0,12
T-01050,treatment,2026-01-11,5,0,,2
T-01051,treatment,2026-01-08,2,1,15.0,12
T-01052,treatment,2026-02-02,27,0,,3
T-01053,treatment,2026-01-12,6,0,,4
T-01054,treatment,2026-01-08,2,0,,3
T-01055,treatment,2026-01-18,12,0,,2
T-01056,treatment,2026-01-21,15,1,17.0,11
T-01057,treatment,2026-01-19,13,0,,2
T-01058,treatment,2026-01-14,8,0,,2
T-01059,treatment,2026-01-13,7,0,,4
T-01060,treatment,2026-01-20,14,0,,3
T-01061,treatment,2026-01-24,18,0,,3
T-01062,treatment,2026-01-18,12,0,,3
T-01063,treatment,2026-01-19,13,0,,2
T-01064,treatment,2026-01-16,10,0,,1
T-01065,treatment,2026-01-23,17,0,,3
T-01066,treatment,2026-01-08,2,0,,3
T-01067,treatment,2026-01-09,3,1,2.0,11
T-01068,treatment,2026-01-08,2,0,,3
T-01069,treatment,2026-01-30,24,1,11.0,14
T-01070,treatment,2026-01-18,12,0,,4
T-01071,treatment,2026-01-21,15,1,8.0,8
T-01072,treatment,2026-02-02,27,0,,1
T-01073,treatment,2026-01-18,12,0,,2
T-01074,treatment,2026-02-01,26,1,1.0,12
T-01075,treatment,2026-01-15,9,0,,4
T-01076,treatment,2026-01-23,17,0,,4
T-01077,treatment,2026-01-13,7,0,,1
T-01078,treatment,2026-01-12,6,1,1.0,9
T-01079,treatment,2026-01-22,16,0,,2
T-01080,treatment,2026-01-27,21,0,,3
T-01081,treatment,2026-01-11,5,0,,1
T-01082,treatment,2026-01-20,14,0,,2
T-01083,treatment,2026-01-14,8,1,1.0,17
T-01084,treatment,2026-02-02,27,1,3.0,12
T-01085,treatment,2026-01-15,9,0,,2
T-01086,treatment,2026-02-01,26,0,,1
T-01087,treatment,2026-01-13,7,1,30.0,13
T-01088,treatment,2026-01-12,6,0,,3
T-01089,treatment,2026-01-28,22,0,,6
T-01090,treatment,2026-01-10,4,0,,3
T-01091,treatment,2026-01-23,17,0,,2
T-01092,treatment,2026-01-21,15,0,,3
T-01093,treatment,2026-01-20,14,0,,7
T-01094,treatment,2026-01-15,9,0,,4
T-01095,treatment,2026-02-02,27,1,1.0,12
T-01096,treatment,2026-01-26,20,0,,2
T-01097,treatment,2026-01-06,0,1,2.0,7
T-01098,treatment,2026-02-01,26,1,2.0,12
T-01099,treatment,2026-01-31,25,0,,2
T-01100,treatment,2026-01-11,5,0,,2
T-01101,treatment,2026-01-20,14,1,3.0,11
T-01102,treatment,2026-01-07,1,1,9.0,11
T-01103,treatment,2026-01-17,11,0,,4
T-01104,treatment,2026-01-06,0,0,,1
T-01105,treatment,2026-01-20,14,0,,4
T-01106,treatment,2026-01-18,12,1,5.0,10
T-01107,treatment,2026-01-06,0,0,,8
T-01108,treatment,2026-01-06,0,0,,1
T-01109,treatment,2026-01-09,3,1,1.0,12
T-01110,treatment,2026-02-02,27,0,,2
T-01111,treatment,2026-01-26,20,0,,3
T-01112,treatment,2026-01-19,13,1,8.0,8
T-01113,treatment,2026-01-26,20,0,,4
T-01114,treatment,2026-02-01,26,0,,2
T-01115,treatment,2026-01-22,16,1,30.0,8
T-01116,treatment,2026-01-18,12,0,,2
T-01117,treatment,2026-01-17,11,0,,5
T-01118,treatment,2026-02-01,26,0,,3
T-01119,treatment,2026-01-11,5,0,,1
T-01120,treatment,2026-01-24,18,0,,3
T-01121,treatment,2026-01-25,19,0,,2
T-01122,treatment,2026-01-21,15,0,,3
T-01123,treatment,2026-01-26,20,1,26.0,10
T-01124,treatment,2026-01-21,15,1,1.0,18
T-01125,treatment,2026-01-17,11,0,,2
T-01126,treatment,2026-01-25,19,0,,1
T-01127,treatment,2026-01-25,19,0,,2
T-01128,treatment,2026-01-31,25,0,,2
T-01129,treatment,2026-01-18,12,1,3.0,11
T-01130,treatment,2026-01-06,0,1,11.0,12
T-01131,treatment,2026-01-23,17,0,,3
T-01132,treatment,2026-01-07,1,0,,4
T-01133,treatment,2026-01-07,1,0,,2
T-01134,treatment,2026-01-31,25,1,14.0,11
T-01135,treatment,2026-01-06,0,0,,1
T-01136,treatment,2026-01-15,9,0,,1
T-01137,treatment,2026-01-29,23,1,13.0,11
T-01138,treatment,2026-01-06,0,1,2.0,11
T-01139,treatment,2026-01-19,13,0,,1
T-01140,treatment,2026-01-13,7,0,,5
T-01141,treatment,2026-01-06,0,0,,2
T-01142,treatment,2026-01-19,13,0,,2
T-01143,treatment,2026-01-15,9,1,10.0,14
T-01144,treatment,2026-01-24,18,0,,3
T-01145,treatment,2026-01-30,24,0,,2
T-01146,treatment,2026-01-13,7,0,,6
T-01147,treatment,2026-01-07,1,1,27.0,10
T-01148,treatment,2026-01-09,3,0,,5
T-01149,treatment,2026-01-29,23,0,,2
T-01150,treatment,2026-01-17,11,1,9.0,15
T-01151,treatment,2026-01-14,8,1,5.0,5
T-01152,treatment,2026-01-28,22,0,,3
T-01153,treatment,2026-01-06,0,0,,4
T-01154,treatment,2026-01-13,7,0,,3
T-01155,treatment,2026-02-02,27,0,,3
T-01156,treatment,2026-01-22,16,1,10.0,8
T-01157,treatment,2026-01-21,15,1,3.0,14
T-01158,treatment,2026-01-20,14,0,,4
T-01159,treatment,2026-01-14,8,1,4.0,11
T-01160,treatment,2026-01-13,7,1,2.0,11
T-01161,treatment,2026-01-25,19,0,,3
T-01162,treatment,2026-01-31,25,1,5.0,11
T-01163,treatment,2026-01-19,13,0,,4
T-01164,treatment,2026-01-17,11,0,,4
T-01165,treatment,2026-02-01,26,1,3.0,9
T-01166,treatment,2026-01-20,14,0,,3
T-01167,treatment,2026-01-09,3,0,,2
T-01168,treatment,2026-01-09,3,0,,6
T-01169,treatment,2026-01-27,21,1,14.0,9
T-01170,treatment,2026-01-07,1,1,3.0,12
T-01171,treatment,2026-01-09,3,0,,4
T-01172,treatment,2026-01-25,19,0,,2
T-01173,treatment,2026-01-29,23,0,,2
T-01174,treatment,2026-01-23,17,0,,2
T-01175,treatment,2026-01-20,14,0,,4
T-01176,treatment,2026-01-13,7,0,,2
T-01177,treatment,2026-02-02,27,0,,3
T-01178,treatment,2026-01-15,9,1,10.0,13
T-01179,treatment,2026-02-01,26,1,1.0,12
T-01180,treatment,2026-01-07,1,1,3.0,10
T-01181,treatment,2026-01-30,24,1,9.0,12
T-01182,treatment,2026-01-14,8,0,,4
T-01183,treatment,2026-01-21,15,0,,3
T-01184,treatment,2026-01-27,21,1,8.0,6
T-01185,treatment,2026-01-31,25,0,,3
T-01186,treatment,2026-01-17,11,0,,6
T-01187,treatment,2026-01-10,4,0,,3
T-01188,treatment,2026-01-12,6,0,,4
T-01189,treatment,2026-01-20,14,0,,7
T-01190,treatment,2026-01-18,12,1,12.0,12
T-01191,treatment,2026-01-13,7,1,10.0,11
T-01192,treatment,2026-01-29,23,1,2.0,13
T-01193,treatment,2026-01-24,18,0,,2
T-01194,treatment,2026-01-24,18,0,,4
T-01195,treatment,2026-01-10,4,0,,3
T-01196,treatment,2026-01-26,20,0,,2
T-01197,treatment,2026-01-23,17,0,,2
T-01198,treatment,2026-01-26,20,1,1.0,14
T-01199,treatment,2026-01-22,16,0,,2
T-01200,treatment,2026-02-01,26,1,2.0,5
T-01201,treatment,2026-01-12,6,0,,2
T-01202,treatment,2026-01-19,13,0,,6
T-01203,treatment,2026-01-20,14,0,,3
T-01204,treatment,2026-02-01,26,1,1.0,12
T-01205,treatment,2026-01-28,22,1,4.0,12
T-01206,treatment,2026-01-22,16,1,1.0,15
T-01207,treatment,2026-01-08,2,1,2.0,7
T-01208,treatment,2026-01-29,23,1,30.0,8
T-01209,treatment,2026-01-18,12,1,5.0,10
T-01210,treatment,2026-01-16,10,0,,3
T-01211,treatment,2026-01-30,24,0,,1
T-01212,treatment,2026-01-08,2,1,5.0,13
T-01213,treatment,2026-01-11,5,1,5.0,18
T-01214,treatment,2026-01-11,5,1,11.0,15
T-01215,treatment,2026-01-27,21,0,,6
T-01216,treatment,2026-01-26,20,1,13.0,13
T-01217,treatment,2026-01-11,5,1,1.0,14
T-01218,treatment,2026-01-11,5,0,,5
T-01219,treatment,2026-01-31,25,0,,6
T-01220,treatment,2026-01-11,5,1,5.0,6
T-01221,treatment,2026-01-29,23,0,,3
T-01222,treatment,2026-01-19,13,0,,1
T-01223,treatment,2026-01-16,10,0,,1
T-01224,treatment,2026-01-21,15,0,,1
T-01225,treatment,2026-01-27,21,1,5.0,14
T-01226,treatment,2026-02-02,27,0,,2
T-01227,treatment,2026-01-24,18,0,,3
T-01228,treatment,2026-01-12,6,0,,2
T-01229,treatment,2026-01-11,5,1,1.0,9
T-01230,treatment,2026-01-16,10,1,27.0,11
T-01231,treatment,2026-01-30,24,0,,4
T-01232,treatment,2026-01-09,3,1,5.0,11
T-01233,treatment,2026-01-06,0,1,1.0,10
T-01234,treatment,2026-01-27,21,0,,2
T-01235,treatment,2026-01-14,8,0,,2
T-01236,treatment,2026-01-18,12,1,1.0,10
T-01237,treatment,2026-01-13,7,0,,1
T-01238,treatment,2026-01-07,1,1,12.0,6
T-01239,treatment,2026-01-21,15,0,,6
T-01240,treatment,2026-01-24,18,1,4.0,10
T-01241,treatment,2026-01-13,7,0,,2
T-01242,treatment,2026-01-17,11,1,1.0,12
T-01243,treatment,2026-01-16,10,0,,3
T-01244,treatment,2026-01-14,8,0,,2
T-01245,treatment,2026-01-29,23,1,3.0,10
T-01246,treatment,2026-01-15,9,0,,5
T-01247,treatment,2026-01-06,0,1,1.0,14
T-01248,treatment,2026-01-24,18,0,,3
T-01249,treatment,2026-02-01,26,0,,1
T-01250,treatment,2026-01-29,23,0,,6
T-01251,treatment,2026-01-22,16,0,,6
T-01252,treatment,2026-02-02,27,0,,5
T-01253,treatment,2026-01-28,22,0,,3
T-01254,treatment,2026-01-09,3,0,,5
T-01255,treatment,2026-01-17,11,0,,2
T-01256,treatment,2026-01-28,22,0,,1
T-01257,treatment,2026-01-25,19,1,9.0,7
T-01258,treatment,2026-01-13,7,1,5.0,12
T-01259,treatment,2026-02-02,27,0,,1
T-01260,treatment,2026-01-27,21,0,,6
T-01261,treatment,2026-01-31,25,0,,3
T-01262,treatment,2026-01-31,25,0,,3
T-01263,treatment,2026-01-21,15,0,,1
T-01264,treatment,2026-01-29,23,0,,4
T-01265,treatment,2026-02-02,27,0,,2
T-01266,treatment,2026-01-06,0,0,,5
T-01267,treatment,2026-01-14,8,0,,4
T-01268,treatment,2026-01-16,10,1,5.0,15
T-01269,treatment,2026-01-17,11,0,,3
T-01270,treatment,2026-01-14,8,0,,2
T-01271,treatment,2026-01-11,5,0,,7
T-01272,treatment,2026-01-14,8,0,,2
T-01273,treatment,2026-01-11,5,1,6.0,16
T-01274,treatment,2026-01-11,5,1,8.0,13
T-01275,treatment,2026-01-25,19,1,6.0,14
T-01276,treatment,2026-01-08,2,0,,3
T-01277,treatment,2026-01-08,2,1,18.0,8
T-01278,treatment,2026-01-21,15,0,,3
T-01279,treatment,2026-01-07,1,1,1.0,15
T-01280,treatment,2026-01-09,3,0,,1
T-01281,treatment,2026-01-14,8,0,,6
T-01282,treatment,2026-01-12,6,0,,5
T-01283,treatment,2026-01-08,2,0,,1
T-01284,treatment,2026-01-29,23,0,,4
T-01285,treatment,2026-01-18,12,0,,1
T-01286,treatment,2026-01-19,13,0,,3
T-01287,treatment,2026-01-14,8,1,2.0,13
T-01288,treatment,2026-01-06,0,0,,3
T-01289,treatment,2026-01-17,11,1,6.0,10
T-01290,treatment,2026-01-06,0,1,9.0,13
T-01291,treatment,2026-01-14,8,0,,3
T-01292,treatment,2026-01-30,24,0,,1
T-01293,treatment,2026-01-12,6,0,,2
T-01294,treatment,2026-01-08,2,0,,1
T-01295,treatment,2026-01-09,3,1,9.0,15
T-01296,treatment,2026-01-12,6,0,,3
T-01297,treatment,2026-01-30,24,1,2.0,9
T-01298,treatment,2026-01-20,14,0,,4
T-01299,treatment,2026-01-29,23,1,15.0,13
T-01300,treatment,2026-01-29,23,0,,3
T-01301,treatment,2026-01-06,0,1,3.0,11
T-01302,treatment,2026-01-11,5,1,12.0,8
T-01303,treatment,2026-01-27,21,0,,1
T-01304,treatment,2026-01-10,4,0,,2
T-01305,treatment,2026-01-16,10,0,,2
T-01306,treatment,2026-01-22,16,1,16.0,11
T-01307,treatment,2026-01-08,2,0,,3
T-01308,treatment,2026-01-17,11,0,,3
T-01309,treatment,2026-01-25,19,0,,4
T-01310,treatment,2026-01-15,9,0,,3
T-01311,treatment,2026-01-12,6,0,,3
T-01312,treatment,2026-01-20,14,0,,4
T-01313,treatment,2026-01-26,20,0,,5
T-01314,treatment,2026-01-23,17,0,,3
T-01315,treatment,2026-01-24,18,0,,1
T-01316,treatment,2026-01-06,0,0,,2
T-01317,treatment,2026-01-27,21,0,,1
T-01318,treatment,2026-01-18,12,0,,2
T-01319,treatment,2026-01-29,23,1,4.0,13
T-01320,treatment,2026-01-09,3,0,,2
T-01321,treatment,2026-01-23,17,0,,2
T-01322,treatment,2026-01-17,11,0,,4
T-01323,treatment,2026-01-09,3,0,,2
T-01324,treatment,2026-01-31,25,0,,3
T-01325,treatment,2026-01-09,3,1,4.0,17
T-01326,treatment,2026-01-10,4,0,,5
T-01327,treatment,2026-01-24,18,0,,1
T-01328,treatment,2026-01-14,8,1,6.0,8
T-01329,treatment,2026-01-12,6,0,,3
T-01330,treatment,2026-01-30,24,0,,2
T-01331,treatment,2026-01-12,6,0,,7
T-01332,treatment,2026-01-17,11,0,,4
T-01333,treatment,2026-01-15,9,1,2.0,14
T-01334,treatment,2026-01-25,19,0,,5
T-01335,treatment,2026-01-26,20,0,,5
T-01336,treatment,2026-01-18,12,0,,3
T-01337,treatment,2026-01-28,22,0,,7
T-01338,treatment,2026-01-11,5,1,4.0,10
T-01339,treatment,2026-01-14,8,0,,3
T-01340,treatment,2026-01-24,18,1,4.0,15
T-01341,treatment,2026-01-29,23,0,,1
T-01342,treatment,2026-01-21,15,1,11.0,7
T-01343,treatment,2026-02-01,26,0,,1
T-01344,treatment,2026-01-31,25,0,,3
T-01345,treatment,2026-01-16,10,1,3.0,10
T-01346,treatment,2026-01-09,3,0,,4
T-01347,treatment,2026-01-30,24,1,8.0,10
T-01348,treatment,2026-01-06,0,0,,1
T-01349,treatment,2026-01-26,20,0,,2
T-01350,treatment,2026-01-17,11,1,1.0,11
T-01351,treatment,2026-01-09,3,1,5.0,11
T-01352,treatment,2026-01-10,4,1,3.0,20
T-01353,treatment,2026-01-11,5,1,11.0,11
T-01354,treatment,2026-01-19,13,0,,4
T-01355,treatment,2026-01-06,0,0,,2
T-01356,treatment,2026-01-13,7,1,1.0,12
T-01357,treatment,2026-01-20,14,0,,4
T-01358,treatment,2026-01-17,11,1,3.0,12
T-01359,treatment,2026-02-01,26,0,,2
T-01360,treatment,2026-01-24,18,0,,1
T-01361,treatment,2026-01-28,22,0,,6
T-01362,treatment,2026-01-12,6,0,,1
T-01363,treatment,2026-01-14,8,0,,3
T-01364,treatment,2026-01-16,10,0,,3
T-01365,treatment,2026-02-01,26,1,1.0,8
T-01366,treatment,2026-01-28,22,0,,4
T-01367,treatment,2026-02-02,27,0,,4
T-01368,treatment,2026-01-13,7,1,6.0,11
T-01369,treatment,2026-01-09,3,1,2.0,13
T-01370,treatment,2026-01-15,9,0,,2
T-01371,treatment,2026-01-25,19,1,7.0,10
T-01372,treatment,2026-01-15,9,0,,5
T-01373,treatment,2026-01-13,7,1,18.0,7
T-01374,treatment,2026-01-19,13,1,16.0,10
T-01375,treatment,2026-01-09,3,0,,4
T-01376,treatment,2026-01-25,19,1,2.0,11
T-01377,treatment,2026-01-31,25,1,3.0,8
T-01378,treatment,2026-01-08,2,0,,4
T-01379,treatment,2026-02-02,27,0,,2
T-01380,treatment,2026-01-08,2,0,,3
T-01381,treatment,2026-02-01,26,1,7.0,10
T-01382,treatment,2026-01-09,3,1,1.0,6
T-01383,treatment,2026-01-17,11,0,,3
T-01384,treatment,2026-01-23,17,0,,3
T-01385,treatment,2026-02-02,27,1,2.0,8
T-01386,treatment,2026-01-24,18,1,1.0,13
T-01387,treatment,2026-01-16,10,1,3.0,8
T-01388,treatment,2026-02-02,27,1,1.0,14
T-01389,treatment,2026-01-23,17,0,,2
T-01390,treatment,2026-01-19,13,0,,2
T-01391,treatment,2026-01-16,10,0,,3
T-01392,treatment,2026-01-19,13,0,,2
T-01393,treatment,2026-01-27,21,1,10.0,6
T-01394,treatment,2026-01-08,2,0,,4
T-01395,treatment,2026-01-07,1,0,,1
T-01396,treatment,2026-01-14,8,0,,2
T-01397,treatment,2026-01-13,7,1,1.0,8
T-01398,treatment,2026-01-10,4,0,,1
T-01399,treatment,2026-01-14,8,0,,3
T-01400,treatment,2026-01-10,4,0,,4
T-01401,treatment,2026-01-26,20,0,,4
T-01402,treatment,2026-01-18,12,1,7.0,10
T-01403,treatment,2026-01-16,10,0,,4
T-01404,treatment,2026-01-16,10,0,,2
T-01405,treatment,2026-01-25,19,1,5.0,9
T-01406,treatment,2026-01-17,11,1,2.0,11
T-01407,treatment,2026-01-24,18,0,,2
T-01408,treatment,2026-01-18,12,0,,5
T-01409,treatment,2026-01-31,25,0,,2
T-01410,treatment,2026-01-14,8,1,24.0,15
T-01411,treatment,2026-01-09,3,0,,4
T-01412,treatment,2026-01-12,6,0,,3
T-01413,treatment,2026-01-10,4,0,,3
T-01414,treatment,2026-01-12,6,1,1.0,10
T-01415,treatment,2026-02-02,27,1,1.0,7
T-01416,treatment,2026-01-13,7,1,20.0,9
T-01417,treatment,2026-01-19,13,1,1.0,15
T-01418,treatment,2026-01-29,23,1,2.0,11
T-01419,treatment,2026-01-15,9,0,,3
T-01420,treatment,2026-01-11,5,0,,4
T-01421,treatment,2026-01-10,4,1,4.0,12
T-01422,treatment,2026-01-20,14,1,4.0,14
T-01423,treatment,2026-01-21,15,1,1.0,16
T-01424,treatment,2026-02-01,26,1,12.0,10
T-01425,treatment,2026-01-07,1,1,10.0,9
T-01426,treatment,2026-02-02,27,0,,2
T-01427,treatment,2026-01-20,14,0,,1
T-01428,treatment,2026-01-13,7,0,,1
T-01429,treatment,2026-01-26,20,0,,2
T-01430,treatment,2026-01-29,23,1,6.0,13
T-01431,treatment,2026-01-27,21,1,4.0,14
T-01432,treatment,2026-01-29,23,1,11.0,11
T-01433,treatment,2026-01-18,12,1,1.0,8
T-01434,treatment,2026-01-22,16,0,,2
T-01435,treatment,2026-01-20,14,1,1.0,12
T-01436,treatment,2026-01-30,24,1,1.0,11
T-01437,treatment,2026-01-19,13,0,,5
T-01438,treatment,2026-01-30,24,0,,3
T-01439,treatment,2026-01-24,18,0,,2
T-01440,treatment,2026-01-18,12,1,4.0,5
T-01441,treatment,2026-01-26,20,0,,2
T-01442,treatment,2026-02-02,27,0,,1
T-01443,treatment,2026-01-12,6,0,,2
T-01444,treatment,2026-01-13,7,0,,3
T-01445,treatment,2026-01-12,6,1,4.0,14
T-01446,treatment,2026-01-24,18,1,4.0,11
T-01447,treatment,2026-01-20,14,0,,6
T-01448,treatment,2026-01-12,6,0,,2
T-01449,treatment,2026-01-22,16,0,,2
T-01450,treatment,2026-01-26,20,0,,4
T-01451,treatment,2026-01-30,24,0,,3
T-01452,treatment,2026-01-23,17,0,,1
T-01453,treatment,2026-01-24,18,0,,2
T-01454,treatment,2026-01-30,24,0,,7
T-01455,treatment,2026-01-08,2,0,,3
T-01456,treatment,2026-01-29,23,0,,3
T-01457,treatment,2026-01-27,21,1,5.0,10
T-01458,treatment,2026-01-12,6,1,4.0,13
T-01459,treatment,2026-01-26,20,0,,2
T-01460,treatment,2026-01-15,9,1,4.0,7
T-01461,treatment,2026-02-02,27,1,8.0,11
T-01462,treatment,2026-01-12,6,0,,4
T-01463,treatment,2026-01-31,25,0,,3
T-01464,treatment,2026-01-16,10,0,,1
T-01465,treatment,2026-01-31,25,0,,2
T-01466,treatment,2026-01-08,2,0,,2
T-01467,treatment,2026-02-01,26,0,,2
T-01468,treatment,2026-01-26,20,1,1.0,9
T-01469,treatment,2026-01-27,21,0,,2
T-01470,treatment,2026-01-14,8,1,12.0,11
T-01471,treatment,2026-01-09,3,1,4.0,11
T-01472,treatment,2026-01-13,7,1,7.0,12
T-01473,treatment,2026-01-29,23,1,1.0,13
T-01474,treatment,2026-01-31,25,0,,3
T-01475,treatment,2026-01-27,21,1,19.0,13
T-01476,treatment,2026-01-17,11,0,,5
T-01477,treatment,2026-01-13,7,1,10.0,5
T-01478,treatment,2026-01-20,14,1,2.0,7
T-01479,treatment,2026-02-02,27,0,,2
T-01480,treatment,2026-01-19,13,0,,2
T-01481,treatment,2026-01-10,4,0,,1
T-01482,treatment,2026-01-22,16,0,,2
T-01483,treatment,2026-01-25,19,1,20.0,12
T-01484,treatment,2026-01-16,10,0,,2
T-01485,treatment,2026-01-27,21,0,,2
T-01486,treatment,2026-01-20,14,0,,2
T-01487,treatment,2026-01-30,24,1,9.0,10
T-01488,treatment,2026-01-18,12,1,12.0,16
T-01489,treatment,2026-01-09,3,1,3.0,9
T-01490,treatment,2026-01-27,21,1,1.0,22
T-01491,treatment,2026-01-18,12,1,4.0,9
T-01492,treatment,2026-01-31,25,0,,3
T-01493,treatment,2026-01-18,12,0,,1
T-01494,treatment,2026-01-16,10,0,,1
T-01495,treatment,2026-01-10,4,0,,1
T-01496,treatment,2026-01-30,24,1,9.0,13
T-01497,treatment,2026-01-31,25,0,,2
T-01498,treatment,2026-01-19,13,0,,2
T-01499,treatment,2026-01-27,21,0,,4
T-01500,treatment,2026-01-08,2,0,,3
T-01501,treatment,2026-01-23,17,0,,1
T-01502,treatment,2026-01-08,2,0,,2
T-01503,treatment,2026-01-11,5,0,,3
T-01504,treatment,2026-01-31,25,1,16.0,9
T-01505,treatment,2026-01-13,7,0,,5
T-01506,treatment,2026-01-29,23,0,,3
T-01507,treatment,2026-02-02,27,1,19.0,13
T-01508,treatment,2026-01-26,20,0,,3
T-01509,treatment,2026-01-22,16,1,16.0,9
T-01510,treatment,2026-01-06,0,1,5.0,9
T-01511,treatment,2026-02-02,27,1,1.0,15
T-01512,treatment,2026-01-12,6,1,1.0,9
T-01513,treatment,2026-01-23,17,0,,2
T-01514,treatment,2026-01-09,3,0,,2
T-01515,treatment,2026-01-15,9,0,,1
T-01516,treatment,2026-01-10,4,0,,5
T-01517,treatment,2026-01-13,7,0,,3
T-01518,treatment,2026-01-31,25,0,,3
T-01519,treatment,2026-01-30,24,1,6.0,14
T-01520,treatment,2026-01-18,12,0,,5
T-01521,treatment,2026-01-22,16,0,,5
T-01522,treatment,2026-01-30,24,0,,2
T-01523,treatment,2026-01-26,20,1,9.0,8
T-01524,treatment,2026-01-09,3,1,1.0,8
T-01525,treatment,2026-01-15,9,0,,1
T-01526,treatment,2026-01-26,20,1,3.0,9
T-01527,treatment,2026-01-30,24,0,,2
T-01528,treatment,2026-01-13,7,0,,7
T-01529,treatment,2026-01-15,9,0,,2
T-01530,treatment,2026-01-18,12,0,,6
T-01531,treatment,2026-01-17,11,1,2.0,9
T-01532,treatment,2026-01-26,20,0,,5
T-01533,treatment,2026-01-18,12,1,7.0,10
T-01534,treatment,2026-02-01,26,1,12.0,13
T-01535,treatment,2026-01-15,9,1,1.0,13
T-01536,treatment,2026-01-26,20,0,,2
T-01537,treatment,2026-01-06,0,0,,2
T-01538,treatment,2026-01-14,8,0,,3
T-01539,treatment,2026-01-08,2,0,,3
T-01540,treatment,2026-01-22,16,1,5.0,6
T-01541,treatment,2026-01-26,20,0,,5
T-01542,treatment,2026-01-15,9,1,3.0,13
T-01543,treatment,2026-01-24,18,0,,1
T-01544,treatment,2026-01-11,5,0,,1
T-01545,treatment,2026-01-12,6,1,7.0,7
T-01546,treatment,2026-01-16,10,1,8.0,7
T-01547,treatment,2026-01-21,15,0,,1
T-01548,treatment,2026-01-09,3,1,5.0,10
T-01549,treatment,2026-01-09,3,0,,4
T-01550,treatment,2026-01-23,17,1,4.0,14
T-01551,treatment,2026-01-23,17,0,,1
T-01552,treatment,2026-01-12,6,0,,1
T-01553,treatment,2026-01-16,10,1,9.0,8
T-01554,treatment,2026-01-10,4,1,4.0,13
T-01555,treatment,2026-01-26,20,0,,4
T-01556,treatment,2026-02-02,27,1,4.0,15
T-01557,treatment,2026-01-23,17,0,,1
T-01558,treatment,2026-01-12,6,1,4.0,9
T-01559,treatment,2026-01-07,1,1,30.0,18
T-01560,treatment,2026-02-02,27,0,,3
T-01561,treatment,2026-01-10,4,1,1.0,15
T-01562,treatment,2026-01-10,4,0,,2
T-01563,treatment,2026-01-24,18,0,,3
T-01564,treatment,2026-01-07,1,0,,3
T-01565,treatment,2026-01-24,18,1,1.0,15
T-01566,treatment,2026-02-01,26,1,6.0,11
T-01567,treatment,2026-01-10,4,0,,1
T-01568,treatment,2026-01-17,11,0,,3
T-01569,treatment,2026-01-18,12,0,,6
T-01570,treatment,2026-01-27,21,0,,5
T-01571,treatment,2026-01-25,19,0,,3
T-01572,treatment,2026-01-12,6,0,,4
T-01573,treatment,2026-01-07,1,0,,3
T-01574,treatment,2026-01-27,21,0,,2
T-01575,treatment,2026-01-19,13,0,,2
T-01576,treatment,2026-01-30,24,0,,3
T-01577,treatment,2026-01-31,25,1,1.0,9
T-01578,treatment,2026-01-10,4,0,,2
T-01579,treatment,2026-01-25,19,0,,4
T-01580,treatment,2026-01-30,24,1,8.0,10
T-01581,treatment,2026-01-27,21,0,,4
T-01582,treatment,2026-01-17,11,1,4.0,5
T-01583,treatment,2026-01-09,3,0,,1
T-01584,treatment,2026-01-22,16,0,,2
T-01585,treatment,2026-01-21,15,1,19.0,17
T-01586,treatment,2026-01-30,24,1,1.0,11
T-01587,treatment,2026-01-15,9,1,1.0,9
T-01588,treatment,2026-01-08,2,0,,6
T-01589,treatment,2026-01-27,21,0,,2
T-01590,treatment,2026-01-06,0,1,1.0,15
T-01591,treatment,2026-01-11,5,0,,2
T-01592,treatment,2026-01-08,2,0,,3
T-01593,treatment,2026-01-24,18,1,1.0,16
T-01594,treatment,2026-02-01,26,1,15.0,10
T-01595,treatment,2026-01-12,6,1,10.0,8
T-01596,treatment,2026-02-01,26,1,6.0,7
T-01597,treatment,2026-01-14,8,1,1.0,16
T-01598,treatment,2026-01-27,21,0,,1
T-01599,treatment,2026-01-17,11,0,,1
T-01600,treatment,2026-01-19,13,1,7.0,14
T-01601,treatment,2026-01-06,0,0,,3
T-01602,treatment,2026-01-30,24,0,,3
T-01603,treatment,2026-01-18,12,1,2.0,11
T-01604,treatment,2026-01-26,20,1,6.0,8
T-01605,treatment,2026-01-07,1,1,20.0,14
T-01606,treatment,2026-01-08,2,0,,7
T-01607,treatment,2026-01-16,10,1,4.0,11
T-01608,treatment,2026-01-10,4,1,8.0,11
T-01609,treatment,2026-02-02,27,1,2.0,13
T-01610,treatment,2026-01-07,1,0,,3
T-01611,treatment,2026-01-19,13,0,,4
T-01612,treatment,2026-02-02,27,0,,2
T-01613,treatment,2026-01-18,12,1,5.0,13
T-01614,treatment,2026-01-19,13,1,28.0,12
T-01615,treatment,2026-02-02,27,1,8.0,11
T-01616,treatment,2026-01-08,2,0,,6
T-01617,treatment,2026-01-13,7,1,14.0,17
T-01618,treatment,2026-01-18,12,1,5.0,14
T-01619,treatment,2026-01-27,21,1,1.0,9
T-01620,treatment,2026-01-17,11,1,1.0,8
T-01621,treatment,2026-01-23,17,1,4.0,12
T-01622,treatment,2026-01-23,17,0,,3
T-01623,treatment,2026-01-22,16,1,12.0,12
T-01624,treatment,2026-01-12,6,0,,4
T-01625,treatment,2026-01-27,21,0,,5
T-01626,treatment,2026-01-18,12,1,2.0,13
T-01627,treatment,2026-01-18,12,0,,2
T-01628,treatment,2026-01-11,5,0,,4
T-01629,treatment,2026-01-26,20,1,6.0,8
T-01630,treatment,2026-01-24,18,1,7.0,14
T-01631,treatment,2026-01-29,23,1,1.0,11
T-01632,treatment,2026-01-24,18,1,13.0,12
T-01633,treatment,2026-01-26,20,1,1.0,10
T-01634,treatment,2026-01-29,23,1,3.0,12
T-01635,treatment,2026-02-02,27,0,,5
T-01636,treatment,2026-01-21,15,0,,4
T-01637,treatment,2026-01-08,2,0,,3
T-01638,treatment,2026-01-19,13,0,,3
T-01639,treatment,2026-01-26,20,1,1.0,15
T-01640,treatment,2026-02-01,26,0,,2
T-01641,treatment,2026-01-11,5,1,4.0,15
T-01642,treatment,2026-01-22,16,0,,5
T-01643,treatment,2026-01-21,15,0,,4
T-01644,treatment,2026-01-07,1,0,,2
T-01645,treatment,2026-01-28,22,1,2.0,10
T-01646,treatment,2026-01-14,8,1,20.0,9
T-01647,treatment,2026-01-18,12,0,,3
T-01648,treatment,2026-01-19,13,1,2.0,7
T-01649,treatment,2026-01-31,25,0,,2
T-01650,treatment,2026-01-25,19,0,,2
T-01651,treatment,2026-01-26,20,1,9.0,7
T-01652,treatment,2026-01-17,11,0,,3
T-01653,treatment,2026-01-25,19,1,23.0,13
T-01654,treatment,2026-01-16,10,1,8.0,17
T-01655,treatment,2026-01-24,18,1,5.0,9
T-01656,treatment,2026-01-15,9,0,,3
T-01657,treatment,2026-01-23,17,1,3.0,15
T-01658,treatment,2026-01-08,2,0,,3
T-01659,treatment,2026-01-21,15,0,,3
T-01660,treatment,2026-01-23,17,0,,3
T-01661,treatment,2026-01-19,13,0,,1
T-01662,treatment,2026-01-29,23,1,9.0,6
T-01663,treatment,2026-01-22,16,0,,3
T-01664,treatment,2026-01-10,4,0,,2
T-01665,treatment,2026-01-22,16,1,5.0,9
T-01666,treatment,2026-01-26,20,1,1.0,10
T-01667,treatment,2026-01-19,13,1,1.0,8
T-01668,treatment,2026-01-08,2,1,1.0,7
T-01669,treatment,2026-01-30,24,0,,4
T-01670,treatment,2026-01-20,14,0,,3
T-01671,treatment,2026-01-17,11,0,,2
T-01672,treatment,2026-01-22,16,1,1.0,10
T-01673,treatment,2026-01-31,25,1,3.0,14
T-01674,treatment,2026-01-22,16,0,,1
T-01675,treatment,2026-01-29,23,1,10.0,12
T-01676,treatment,2026-01-24,18,0,,2
T-01677,treatment,2026-02-01,26,1,6.0,12
T-01678,treatment,2026-01-12,6,1,8.0,11
T-01679,treatment,2026-01-31,25,0,,5
T-01680,treatment,2026-01-10,4,1,2.0,16
T-01681,treatment,2026-01-07,1,1,11.0,11
T-01682,treatment,2026-01-21,15,0,,2
T-01683,treatment,2026-01-18,12,0,,3
T-01684,treatment,2026-01-16,10,0,,3
T-01685,treatment,2026-01-12,6,0,,2
T-01686,treatment,2026-01-28,22,0,,3
T-01687,treatment,2026-01-08,2,0,,2
T-01688,treatment,2026-01-11,5,0,,3
T-01689,treatment,2026-01-10,4,0,,5
T-01690,treatment,2026-01-06,0,1,1.0,9
T-01691,treatment,2026-01-06,0,0,,4
T-01692,treatment,2026-01-23,17,0,,2
T-01693,treatment,2026-01-28,22,0,,3
T-01694,treatment,2026-01-08,2,0,,5
T-01695,treatment,2026-01-30,24,1,13.0,16
T-01696,treatment,2026-01-24,18,0,,2
T-01697,treatment,2026-01-15,9,1,13.0,10
T-01698,treatment,2026-01-25,19,0,,2
T-01699,treatment,2026-01-16,10,1,6.0,11
T-01700,treatment,2026-01-13,7,1,20.0,11
T-01701,treatment,2026-01-25,19,0,,5
T-01702,treatment,2026-01-28,22,0,,2
T-01703,treatment,2026-01-16,10,0,,2
T-01704,treatment,2026-01-10,4,0,,5
T-01705,treatment,2026-01-27,21,1,7.0,10
T-01706,treatment,2026-01-29,23,0,,3
T-01707,treatment,2026-01-09,3,1,11.0,9
T-01708,treatment,2026-01-18,12,0,,5
T-01709,treatment,2026-01-11,5,1,1.0,9
T-01710,treatment,2026-01-31,25,1,1.0,15
T-01711,treatment,2026-01-07,1,1,5.0,10
T-01712,treatment,2026-01-30,24,0,,3
T-01713,treatment,2026-02-02,27,0,,2
T-01714,treatment,2026-01-30,24,1,2.0,10
T-01715,treatment,2026-02-02,27,1,7.0,13
T-01716,treatment,2026-01-31,25,0,,2
T-01717,treatment,2026-01-31,25,0,,4
T-01718,treatment,2026-01-11,5,0,,5
T-01719,treatment,2026-01-27,21,0,,4
T-01720,treatment,2026-01-15,9,0,,2
T-01721,treatment,2026-01-28,22,0,,2
T-01722,treatment,2026-01-09,3,0,,5
T-01723,treatment,2026-01-21,15,1,7.0,11
T-01724,treatment,2026-01-28,22,0,,2
T-01725,treatment,2026-01-15,9,0,,2
T-01726,treatment,2026-01-06,0,0,,3
T-01727,treatment,2026-01-18,12,1,1.0,12
T-01728,treatment,2026-01-19,13,0,,4
T-01729,treatment,2026-01-28,22,0,,3
T-01730,treatment,2026-01-17,11,1,1.0,10
T-01731,treatment,2026-01-18,12,0,,6
T-01732,treatment,2026-01-06,0,0,,3
T-01733,treatment,2026-02-01,26,1,24.0,10
T-01734,treatment,2026-01-19,13,0,,4
T-01735,treatment,2026-01-13,7,0,,4
T-01736,treatment,2026-01-31,25,0,,4
T-01737,treatment,2026-01-27,21,0,,6
T-01738,treatment,2026-01-19,13,1,3.0,12
T-01739,treatment,2026-01-06,0,1,23.0,5
T-01740,treatment,2026-02-01,26,1,3.0,13
T-01741,treatment,2026-02-02,27,1,1.0,10
T-01742,treatment,2026-01-22,16,0,,5
T-01743,treatment,2026-01-21,15,0,,2
T-01744,treatment,2026-01-17,11,0,,3
T-01745,treatment,2026-01-25,19,0,,4
T-01746,treatment,2026-01-28,22,0,,3
T-01747,treatment,2026-01-10,4,1,7.0,15
T-01748,treatment,2026-01-26,20,0,,3
T-01749,treatment,2026-01-29,23,0,,5
T-01750,treatment,2026-01-23,17,1,8.0,10
T-01751,treatment,2026-01-09,3,0,,2
T-01752,treatment,2026-01-25,19,1,4.0,17
T-01753,treatment,2026-01-16,10,0,,2
T-01754,treatment,2026-01-13,7,0,,4
T-01755,treatment,2026-01-27,21,1,1.0,6
T-01756,treatment,2026-01-31,25,1,11.0,8
T-01757,treatment,2026-01-14,8,0,,4
T-01758,treatment,2026-01-31,25,0,,5
T-01759,treatment,2026-01-30,24,0,,1
T-01760,treatment,2026-01-25,19,0,,6
T-01761,treatment,2026-01-15,9,1,1.0,17
T-01762,treatment,2026-01-12,6,0,,2
T-01763,treatment,2026-01-24,18,0,,2
T-01764,treatment,2026-01-27,21,1,1.0,7
T-01765,treatment,2026-01-06,0,1,4.0,13
T-01766,treatment,2026-01-10,4,0,,3
T-01767,treatment,2026-01-11,5,0,,1
T-01768,treatment,2026-01-17,11,0,,4
T-01769,treatment,2026-02-02,27,1,4.0,7
T-01770,treatment,2026-01-17,11,0,,3
T-01771,treatment,2026-01-26,20,0,,1
T-01772,treatment,2026-01-19,13,0,,3
T-01773,treatment,2026-01-12,6,0,,1
T-01774,treatment,2026-02-02,27,0,,2
T-01775,treatment,2026-01-25,19,0,,6
T-01776,treatment,2026-01-26,20,1,4.0,11
T-01777,treatment,2026-01-25,19,0,,4
T-01778,treatment,2026-01-19,13,1,10.0,8
T-01779,treatment,2026-01-21,15,0,,3
T-01780,treatment,2026-01-14,8,0,,2
T-01781,treatment,2026-01-07,1,0,,2
T-01782,treatment,2026-01-22,16,0,,6
T-01783,treatment,2026-01-09,3,0,,4
T-01784,treatment,2026-01-19,13,0,,3
T-01785,treatment,2026-01-19,13,0,,3
T-01786,treatment,2026-02-02,27,0,,2
T-01787,treatment,2026-01-20,14,1,11.0,9
T-01788,treatment,2026-02-02,27,1,11.0,10
T-01789,treatment,2026-01-17,11,0,,5
T-01790,treatment,2026-01-18,12,1,3.0,18
T-01791,treatment,2026-01-27,21,1,1.0,13
T-01792,treatment,2026-01-15,9,1,1.0,11
T-01793,treatment,2026-01-21,15,0,,3
T-01794,treatment,2026-01-20,14,0,,3
T-01795,treatment,2026-01-13,7,0,,2
T-01796,treatment,2026-01-09,3,0,,8
T-01797,treatment,2026-01-06,0,0,,3
T-01798,treatment,2026-01-19,13,0,,4
T-01799,treatment,2026-01-14,8,0,,2
T-01800,treatment,2026-01-24,18,0,,4
T-01801,treatment,2026-01-11,5,1,3.0,8
T-01802,treatment,2026-01-21,15,0,,2
T-01803,treatment,2026-01-31,25,0,,2
T-01804,treatment,2026-01-29,23,1,3.0,10
T-01805,treatment,2026-01-16,10,0,,2
T-01806,treatment,2026-01-26,20,1,5.0,8
T-01807,treatment,2026-02-01,26,1,9.0,11
T-01808,treatment,2026-01-28,22,0,,3
T-01809,treatment,2026-01-16,10,0,,2
T-01810,treatment,2026-01-19,13,0,,3
T-01811,treatment,2026-01-16,10,1,1.0,12
T-01812,treatment,2026-01-31,25,1,1.0,10
T-01813,treatment,2026-01-19,13,0,,2
T-01814,treatment,2026-01-30,24,0,,3
T-01815,treatment,2026-01-06,0,0,,5
T-01816,treatment,2026-01-16,10,0,,2
T-01817,treatment,2026-01-29,23,1,1.0,11
T-01818,treatment,2026-01-23,17,1,9.0,9
T-01819,treatment,2026-01-22,16,0,,2
T-01820,treatment,2026-01-09,3,0,,1
T-01821,treatment,2026-01-27,21,0,,3
T-01822,treatment,2026-01-19,13,0,,4
T-01823,treatment,2026-01-13,7,1,5.0,10
T-01824,treatment,2026-01-20,14,1,14.0,9
T-01825,treatment,2026-01-21,15,0,,2
T-01826,treatment,2026-01-06,0,0,,1
T-01827,treatment,2026-01-06,0,1,1.0,9
T-01828,treatment,2026-01-15,9,1,2.0,12
T-01829,treatment,2026-01-07,1,0,,3
T-01830,treatment,2026-01-30,24,0,,3
T-01831,treatment,2026-01-17,11,0,,4
T-01832,treatment,2026-01-09,3,0,,2
T-01833,treatment,2026-01-28,22,0,,4
T-01834,treatment,2026-01-24,18,0,,2
T-01835,treatment,2026-02-01,26,1,4.0,15
T-01836,treatment,2026-01-06,0,1,1.0,7
T-01837,treatment,2026-01-06,0,0,,5
T-01838,treatment,2026-01-14,8,0,,5
T-01839,treatment,2026-01-25,19,1,4.0,13
T-01840,treatment,2026-01-18,12,0,,3
T-01841,treatment,2026-01-16,10,1,1.0,11
T-01842,treatment,2026-01-24,18,0,,1
T-01843,treatment,2026-01-26,20,0,,3
T-01844,treatment,2026-01-22,16,0,,4
T-01845,treatment,2026-01-08,2,1,12.0,7
T-01846,treatment,2026-01-25,19,0,,1
T-01847,treatment,2026-01-18,12,1,1.0,10
T-01848,treatment,2026-02-02,27,1,22.0,8
T-01849,treatment,2026-01-27,21,1,9.0,13
T-01850,treatment,2026-01-30,24,1,2.0,12
T-01851,treatment,2026-01-24,18,0,,3
T-01852,treatment,2026-01-25,19,0,,5
T-01853,treatment,2026-01-26,20,0,,3
T-01854,treatment,2026-01-29,23,0,,1
T-01855,treatment,2026-01-14,8,0,,3
T-01856,treatment,2026-01-24,18,1,20.0,11
T-01857,treatment,2026-01-24,18,1,1.0,7
T-01858,treatment,2026-01-28,22,1,30.0,9
T-01859,treatment,2026-01-30,24,0,,3
T-01860,treatment,2026-01-06,0,1,4.0,17
T-01861,treatment,2026-01-22,16,1,1.0,9
T-01862,treatment,2026-01-19,13,0,,6
T-01863,treatment,2026-01-17,11,0,,2
T-01864,treatment,2026-01-07,1,0,,2
T-01865,treatment,2026-01-27,21,0,,2
T-01866,treatment,2026-01-08,2,0,,4
T-01867,treatment,2026-02-02,27,1,21.0,12
T-01868,treatment,2026-01-29,23,0,,5
T-01869,treatment,2026-01-10,4,1,1.0,10
T-01870,treatment,2026-01-08,2,1,5.0,6
T-01871,treatment,2026-01-19,13,0,,3
T-01872,treatment,2026-01-29,23,0,,4
T-01873,treatment,2026-01-29,23,0,,1
T-01874,treatment,2026-01-23,17,0,,3
T-01875,treatment,2026-01-10,4,0,,4
T-01876,treatment,2026-01-08,2,0,,4
T-01877,treatment,2026-01-28,22,1,30.0,12
T-01878,treatment,2026-01-07,1,0,,3
T-01879,treatment,2026-01-14,8,0,,4
T-01880,treatment,2026-01-23,17,0,,6
T-01881,treatment,2026-02-01,26,1,8.0,13
T-01882,treatment,2026-01-07,1,0,,2
T-01883,treatment,2026-01-27,21,1,7.0,8
T-01884,treatment,2026-01-24,18,0,,1
T-01885,treatment,2026-01-08,2,1,6.0,13
T-01886,treatment,2026-01-31,25,1,11.0,11
T-01887,treatment,2026-01-23,17,0,,2
T-01888,treatment,2026-01-19,13,1,13.0,12
T-01889,treatment,2026-01-18,12,1,1.0,14
T-01890,treatment,2026-01-21,15,1,1.0,7
T-01891,treatment,2026-01-26,20,0,,5
T-01892,treatment,2026-02-02,27,0,,4
T-01893,treatment,2026-01-16,10,0,,2
T-01894,treatment,2026-01-26,20,1,5.0,13
T-01895,treatment,2026-01-28,22,0,,1
T-01896,treatment,2026-01-29,23,1,15.0,10
T-01897,treatment,2026-01-29,23,0,,3
T-01898,treatment,2026-01-17,11,0,,1
T-01899,treatment,2026-01-08,2,1,9.0,14
T-01900,treatment,2026-01-11,5,0,,1
T-01901,treatment,2026-01-21,15,0,,1
T-01902,treatment,2026-01-17,11,1,3.0,14
T-01903,treatment,2026-01-26,20,0,,1
T-01904,treatment,2026-01-25,19,0,,3
T-01905,treatment,2026-01-31,25,1,6.0,15
T-01906,treatment,2026-01-11,5,0,,5
T-01907,treatment,2026-01-25,19,0,,3
T-01908,treatment,2026-01-19,13,1,1.0,11
T-01909,treatment,2026-01-29,23,1,11.0,11
T-01910,treatment,2026-01-14,8,1,1.0,13
T-01911,treatment,2026-01-22,16,1,7.0,12
T-01912,treatment,2026-01-17,11,0,,1
T-01913,treatment,2026-01-06,0,0,,3
T-01914,treatment,2026-01-25,19,1,1.0,6
T-01915,treatment,2026-01-27,21,1,2.0,8
T-01916,treatment,2026-01-13,7,0,,4
T-01917,treatment,2026-02-02,27,1,1.0,13
T-01918,treatment,2026-01-17,11,1,4.0,11
T-01919,treatment,2026-01-21,15,0,,3
T-01920,treatment,2026-01-06,0,1,6.0,9
T-01921,treatment,2026-01-08,2,1,1.0,11
T-01922,treatment,2026-01-17,11,0,,4
T-01923,treatment,2026-01-09,3,0,,5
T-01924,treatment,2026-01-15,9,1,3.0,15
T-01925,treatment,2026-01-07,1,1,5.0,8
T-01926,treatment,2026-01-14,8,1,4.0,9
T-01927,treatment,2026-01-08,2,1,10.0,10
T-01928,treatment,2026-01-25,19,0,,5
T-01929,treatment,2026-01-25,19,1,9.0,9
T-01930,treatment,2026-01-06,0,1,1.0,16
T-01931,treatment,2026-01-10,4,0,,2
T-01932,treatment,2026-01-10,4,0,,3
T-01933,treatment,2026-01-07,1,0,,5
T-01934,treatment,2026-01-20,14,0,,4
T-01935,treatment,2026-01-06,0,1,7.0,15
T-01936,treatment,2026-01-26,20,1,11.0,11
T-01937,treatment,2026-01-10,4,1,10.0,9
T-01938,treatment,2026-01-12,6,1,6.0,10
T-01939,treatment,2026-01-16,10,0,,4
T-01940,treatment,2026-01-31,25,0,,2
T-01941,treatment,2026-01-15,9,1,5.0,9
T-01942,treatment,2026-01-07,1,0,,4
T-01943,treatment,2026-02-02,27,0,,3
T-01944,treatment,2026-01-19,13,1,2.0,11
T-01945,treatment,2026-01-29,23,0,,5
T-01946,treatment,2026-01-26,20,1,20.0,8
T-01947,treatment,2026-01-10,4,0,,4
T-01948,treatment,2026-01-21,15,1,1.0,9
T-01949,treatment,2026-01-30,24,1,6.0,9
T-01950,treatment,2026-01-07,1,0,,1
T-01951,treatment,2026-01-15,9,1,1.0,13
T-01952,treatment,2026-02-01,26,0,,2
T-01953,treatment,2026-01-23,17,0,,3
T-01954,treatment,2026-01-10,4,1,1.0,15
T-01955,treatment,2026-01-22,16,0,,3
T-01956,treatment,2026-01-16,10,1,4.0,7
T-01957,treatment,2026-01-10,4,1,5.0,11
T-01958,treatment,2026-01-26,20,0,,1
T-01959,treatment,2026-01-29,23,1,15.0,12
T-01960,treatment,2026-01-11,5,1,5.0,7
T-01961,treatment,2026-02-01,26,1,5.0,19
T-01962,treatment,2026-01-27,21,0,,2
T-01963,treatment,2026-01-21,15,1,6.0,10
T-01964,treatment,2026-01-10,4,1,3.0,6
T-01965,treatment,2026-01-26,20,0,,2
T-01966,treatment,2026-01-29,23,0,,3
T-01967,treatment,2026-01-21,15,0,,3
T-01968,treatment,2026-01-22,16,1,6.0,13
T-01969,treatment,2026-01-14,8,0,,3
T-01970,treatment,2026-01-27,21,1,1.0,7
T-01971,treatment,2026-01-30,24,0,,3
T-01972,treatment,2026-01-07,1,0,,4
T-01973,treatment,2026-01-24,18,1,1.0,11
T-01974,treatment,2026-01-22,16,0,,1
T-01975,treatment,2026-01-10,4,1,1.0,9
T-01976,treatment,2026-01-07,1,0,,6
T-01977,treatment,2026-01-16,10,0,,3
T-01978,treatment,2026-01-06,0,0,,3
T-01979,treatment,2026-01-14,8,1,1.0,10
T-01980,treatment,2026-02-01,26,0,,5
T-01981,treatment,2026-01-30,24,1,1.0,11
T-01982,treatment,2026-01-11,5,0,,4
T-01983,treatment,2026-01-16,10,0,,3
T-01984,treatment,2026-02-01,26,1,1.0,9
T-01985,treatment,2026-01-13,7,0,,3
T-01986,treatment,2026-01-18,12,1,1.0,12
T-01987,treatment,2026-02-01,26,1,10.0,17
T-01988,treatment,2026-01-17,11,0,,3
T-01989,treatment,2026-01-14,8,0,,4
T-01990,treatment,2026-01-20,14,0,,3
T-01991,treatment,2026-01-10,4,0,,3
T-01992,treatment,2026-01-20,14,0,,2
T-01993,treatment,2026-01-07,1,1,2.0,13
T-01994,treatment,2026-01-20,14,0,,2
T-01995,treatment,2026-01-25,19,0,,2
T-01996,treatment,2026-01-08,2,1,4.0,9
T-01997,treatment,2026-01-15,9,0,,4
T-01998,treatment,2026-01-12,6,0,,1
T-01999,treatment,2026-01-15,9,0,,3
T-02000,treatment,2026-01-31,25,0,,2
T-02001,treatment,2026-01-15,9,0,,4
T-02002,treatment,2026-01-13,7,0,,2
T-02003,treatment,2026-01-18,12,1,1.0,9
T-02004,treatment,2026-01-26,20,0,,3
T-02005,treatment,2026-01-07,1,1,1.0,11
T-02006,treatment,2026-01-17,11,0,,3
T-02007,treatment,2026-01-14,8,0,,5
T-02008,treatment,2026-01-06,0,0,,1
T-02009,treatment,2026-01-26,20,0,,3
T-02010,treatment,2026-01-17,11,0,,3
T-02011,treatment,2026-01-17,11,0,,2
T-02012,treatment,2026-01-08,2,0,,3
T-02013,treatment,2026-01-29,23,1,2.0,11
T-02014,treatment,2026-01-13,7,1,1.0,11
T-02015,treatment,2026-01-18,12,0,,2
T-02016,treatment,2026-02-02,27,1,13.0,4
T-02017,treatment,2026-02-02,27,0,,2
T-02018,treatment,2026-01-22,16,0,,3
T-02019,treatment,2026-01-25,19,0,,3
T-02020,treatment,2026-02-02,27,0,,5
T-02021,treatment,2026-01-15,9,0,,5
T-02022,treatment,2026-01-20,14,1,10.0,16
T-02023,treatment,2026-01-29,23,0,,4
T-02024,treatment,2026-01-30,24,0,,2
T-02025,treatment,2026-01-14,8,0,,2
T-02026,treatment,2026-01-23,17,0,,2
T-02027,treatment,2026-01-30,24,1,2.0,11
T-02028,treatment,2026-01-13,7,0,,2
T-02029,treatment,2026-02-01,26,0,,3
T-02030,treatment,2026-01-19,13,1,1.0,14
T-02031,treatment,2026-01-16,10,0,,3
T-02032,treatment,2026-01-18,12,0,,2
T-02033,treatment,2026-01-21,15,1,13.0,11
T-02034,treatment,2026-01-19,13,0,,2
T-02035,treatment,2026-01-14,8,1,8.0,12
T-02036,treatment,2026-01-14,8,0,,3
T-02037,treatment,2026-01-24,18,0,,3
T-02038,treatment,2026-01-10,4,0,,6
T-02039,treatment,2026-01-20,14,1,10.0,10
T-02040,treatment,2026-01-16,10,0,,6
T-02041,treatment,2026-01-24,18,1,3.0,9
T-02042,treatment,2026-01-11,5,0,,2
T-02043,treatment,2026-01-15,9,1,12.0,9
T-02044,treatment,2026-01-21,15,1,6.0,9
T-02045,treatment,2026-01-10,4,0,,4
T-02046,treatment,2026-01-23,17,0,,2
T-02047,treatment,2026-01-24,18,1,3.0,9
T-02048,treatment,2026-01-28,22,0,,2
T-02049,treatment,2026-01-15,9,1,28.0,9
T-02050,treatment,2026-01-15,9,0,,2
T-02051,treatment,2026-01-17,11,0,,4
T-02052,treatment,2026-01-26,20,0,,3
T-02053,treatment,2026-01-08,2,0,,6
T-02054,treatment,2026-01-09,3,0,,2
T-02055,treatment,2026-01-27,21,0,,3
T-02056,treatment,2026-01-29,23,1,23.0,15
T-02057,treatment,2026-01-17,11,0,,4
T-02058,treatment,2026-01-12,6,0,,5
T-02059,treatment,2026-01-17,11,1,5.0,11
T-02060,treatment,2026-01-08,2,0,,2
T-02061,treatment,2026-01-23,17,1,7.0,9
T-02062,treatment,2026-01-24,18,0,,1
T-02063,treatment,2026-01-10,4,1,10.0,9
T-02064,treatment,2026-01-19,13,0,,3
T-02065,treatment,2026-01-28,22,0,,4
T-02066,treatment,2026-01-13,7,1,6.0,6
T-02067,treatment,2026-01-27,21,0,,4
T-02068,treatment,2026-01-20,14,1,1.0,8
T-02069,treatment,2026-01-21,15,0,,4
T-02070,treatment,2026-01-23,17,0,,3
T-02071,treatment,2026-01-16,10,0,,6
T-02072,treatment,2026-01-07,1,0,,3
T-02073,treatment,2026-01-15,9,0,,4
T-02074,treatment,2026-01-16,10,1,7.0,13
T-02075,treatment,2026-01-10,4,1,6.0,6
T-02076,treatment,2026-02-01,26,1,30.0,12
T-02077,treatment,2026-01-26,20,0,,3
T-02078,treatment,2026-01-22,16,0,,2
T-02079,treatment,2026-01-06,0,0,,3
T-02080,treatment,2026-01-30,24,1,3.0,11
T-02081,treatment,2026-01-19,13,0,,3
T-02082,treatment,2026-01-20,14,0,,3
T-02083,treatment,2026-01-12,6,0,,2
T-02084,treatment,2026-01-13,7,0,,5
T-02085,treatment,2026-02-02,27,1,1.0,10
T-02086,treatment,2026-01-21,15,1,15.0,9
T-02087,treatment,2026-01-18,12,1,9.0,11
T-02088,treatment,2026-01-10,4,0,,5
T-02089,treatment,2026-01-08,2,0,,4
T-02090,treatment,2026-01-18,12,0,,3
T-02091,treatment,2026-01-24,18,0,,2
T-02092,treatment,2026-01-17,11,1,2.0,8
T-02093,treatment,2026-01-24,18,0,,2
T-02094,treatment,2026-01-22,16,1,8.0,11
T-02095,treatment,2026-01-16,10,1,30.0,10
T-02096,treatment,2026-02-01,26,0,,1
T-02097,treatment,2026-01-08,2,0,,2
T-02098,treatment,2026-01-07,1,0,,2
T-02099,treatment,2026-01-29,23,0,,1
T-02100,treatment,2026-01-31,25,0,,4
T-02101,treatment,2026-01-19,13,0,,3
T-02102,treatment,2026-01-31,25,0,,2
T-02103,treatment,2026-01-27,21,0,,1
T-02104,treatment,2026-01-26,20,1,1.0,11
T-02105,treatment,2026-01-22,16,0,,3
T-02106,treatment,2026-01-07,1,0,,5
T-02107,treatment,2026-01-23,17,0,,2
T-02108,treatment,2026-01-28,22,0,,3
T-02109,treatment,2026-01-20,14,1,8.0,8
T-02110,treatment,2026-01-17,11,1,3.0,12
T-02111,treatment,2026-01-21,15,0,,3
T-02112,treatment,2026-01-21,15,0,,5
T-02113,treatment,2026-01-12,6,0,,3
T-02114,treatment,2026-01-11,5,0,,4
T-02115,treatment,2026-01-19,13,1,2.0,9
T-02116,treatment,2026-01-13,7,1,6.0,12
T-02117,treatment,2026-01-25,19,1,5.0,12
T-02118,treatment,2026-01-30,24,1,2.0,16
T-02119,treatment,2026-01-29,23,0,,4
T-02120,treatment,2026-01-24,18,0,,3
T-02121,treatment,2026-01-24,18,0,,2
T-02122,treatment,2026-02-02,27,0,,1
T-02123,treatment,2026-01-17,11,0,,3
T-02124,treatment,2026-01-14,8,0,,5
T-02125,treatment,2026-01-14,8,0,,3
T-02126,treatment,2026-02-01,26,0,,1
T-02127,treatment,2026-01-10,4,0,,5
T-02128,treatment,2026-01-31,25,1,3.0,13
T-02129,treatment,2026-01-19,13,1,13.0,8
T-02130,treatment,2026-01-06,0,0,,2
T-02131,treatment,2026-01-08,2,0,,4
T-02132,treatment,2026-01-16,10,1,1.0,10
T-02133,treatment,2026-01-26,20,0,,2
T-02134,treatment,2026-01-09,3,1,9.0,12
T-02135,treatment,2026-01-25,19,0,,4
T-02136,treatment,2026-01-06,0,1,3.0,7
T-02137,treatment,2026-01-11,5,1,5.0,11
T-02138,treatment,2026-02-02,27,1,30.0,14
T-02139,treatment,2026-01-15,9,0,,4
T-02140,treatment,2026-02-01,26,0,,2
T-02141,treatment,2026-01-09,3,0,,1
T-02142,treatment,2026-01-22,16,0,,4
T-02143,treatment,2026-01-31,25,0,,2
T-02144,treatment,2026-01-27,21,0,,1
T-02145,treatment,2026-01-26,20,0,,4
T-02146,treatment,2026-01-10,4,1,1.0,9
T-02147,treatment,2026-01-07,1,0,,1
T-02148,treatment,2026-01-06,0,1,1.0,15
T-02149,treatment,2026-01-21,15,0,,4
T-02150,treatment,2026-01-12,6,0,,2
T-02151,treatment,2026-01-26,20,0,,3
T-02152,treatment,2026-01-08,2,1,2.0,15
T-02153,treatment,2026-01-19,13,0,,1
T-02154,treatment,2026-01-27,21,0,,3
T-02155,treatment,2026-01-24,18,0,,4
T-02156,treatment,2026-01-21,15,0,,2
T-02157,treatment,2026-01-27,21,0,,4
T-02158,treatment,2026-01-11,5,0,,2
T-02159,treatment,2026-01-30,24,0,,3
T-02160,treatment,2026-01-29,23,1,1.0,11
T-02161,treatment,2026-01-06,0,0,,3
T-02162,treatment,2026-01-12,6,0,,3
T-02163,treatment,2026-01-16,10,0,,4
T-02164,treatment,2026-01-30,24,1,14.0,7
T-02165,treatment,2026-01-23,17,1,2.0,12
T-02166,treatment,2026-01-14,8,0,,4
T-02167,treatment,2026-01-27,21,0,,4
T-02168,treatment,2026-01-08,2,0,,2
T-02169,treatment,2026-01-29,23,1,1.0,13
T-02170,treatment,2026-01-28,22,1,23.0,4
T-02171,treatment,2026-02-02,27,1,2.0,10
T-02172,treatment,2026-01-13,7,0,,2
T-02173,treatment,2026-01-13,7,0,,2
T-02174,treatment,2026-01-28,22,0,,3
T-02175,treatment,2026-01-06,0,0,,3
T-02176,treatment,2026-01-15,9,0,,1
T-02177,treatment,2026-01-20,14,0,,3
T-02178,treatment,2026-01-15,9,0,,6
T-02179,treatment,2026-01-31,25,1,3.0,11
T-02180,treatment,2026-01-13,7,1,2.0,11
T-02181,treatment,2026-01-26,20,0,,3
T-02182,treatment,2026-01-07,1,1,4.0,11
T-02183,treatment,2026-01-23,17,0,,2
T-02184,treatment,2026-01-07,1,1,1.0,11
T-02185,treatment,2026-01-30,24,0,,6
T-02186,treatment,2026-01-26,20,1,3.0,16
T-02187,treatment,2026-01-24,18,1,15.0,16
T-02188,treatment,2026-01-27,21,0,,4
T-02189,treatment,2026-01-14,8,0,,2
T-02190,treatment,2026-02-01,26,0,,2
T-02191,treatment,2026-01-30,24,1,17.0,8
T-02192,treatment,2026-01-30,24,1,6.0,13
T-02193,treatment,2026-02-01,26,1,25.0,12
T-02194,treatment,2026-01-15,9,1,21.0,10
T-02195,treatment,2026-02-01,26,0,,4
T-02196,treatment,2026-01-09,3,0,,4
T-02197,treatment,2026-01-26,20,1,1.0,13
T-02198,treatment,2026-02-02,27,0,,1
T-02199,treatment,2026-01-06,0,0,,3
T-02200,treatment,2026-01-16,10,1,15.0,8
T-02201,treatment,2026-01-31,25,0,,4
T-02202,treatment,2026-01-27,21,0,,1
T-02203,treatment,2026-01-07,1,0,,4
T-02204,treatment,2026-01-28,22,1,1.0,13
T-02205,treatment,2026-01-09,3,1,4.0,14
T-02206,treatment,2026-01-20,14,1,12.0,11
T-02207,treatment,2026-01-25,19,1,9.0,13
T-02208,treatment,2026-01-30,24,0,,4
T-02209,treatment,2026-01-18,12,0,,3
T-02210,treatment,2026-01-06,0,0,,3
T-02211,treatment,2026-01-27,21,0,,2
T-02212,treatment,2026-01-07,1,0,,6
T-02213,treatment,2026-01-11,5,0,,2
T-02214,treatment,2026-01-12,6,0,,1
T-02215,treatment,2026-01-24,18,0,,1
T-02216,treatment,2026-01-09,3,0,,5
T-02217,treatment,2026-01-23,17,0,,2
T-02218,treatment,2026-01-28,22,0,,2
T-02219,treatment,2026-01-14,8,0,,4
T-02220,treatment,2026-01-26,20,0,,2
T-02221,treatment,2026-01-16,10,0,,3
T-02222,treatment,2026-01-10,4,0,,1
T-02223,treatment,2026-01-30,24,0,,1
T-02224,treatment,2026-01-29,23,0,,3
T-02225,treatment,2026-01-06,0,1,1.0,8
T-02226,treatment,2026-01-07,1,0,,2
T-02227,treatment,2026-01-28,22,0,,3
T-02228,treatment,2026-01-08,2,0,,4
T-02229,treatment,2026-01-27,21,1,11.0,13
T-02230,treatment,2026-01-22,16,1,1.0,12
T-02231,treatment,2026-01-29,23,0,,3
T-02232,treatment,2026-01-07,1,0,,5
T-02233,treatment,2026-01-06,0,0,,4
T-02234,treatment,2026-01-07,1,0,,2
T-02235,treatment,2026-01-13,7,0,,4
T-02236,treatment,2026-01-18,12,1,9.0,10
T-02237,treatment,2026-01-31,25,1,1.0,14
T-02238,treatment,2026-01-19,13,0,,1
T-02239,treatment,2026-01-26,20,0,,6
T-02240,treatment,2026-01-17,11,0,,4
T-02241,treatment,2026-01-14,8,0,,1
T-02242,treatment,2026-02-02,27,1,5.0,10
T-02243,treatment,2026-01-24,18,0,,3
T-02244,treatment,2026-01-29,23,0,,1
T-02245,treatment,2026-01-25,19,0,,5
T-02246,treatment,2026-01-12,6,0,,4
T-02247,treatment,2026-01-31,25,0,,1
T-02248,treatment,2026-01-15,9,1,1.0,18
T-02249,treatment,2026-01-29,23,0,,6
T-02250,treatment,2026-01-08,2,0,,1
T-02251,treatment,2026-01-24,18,1,8.0,11
T-02252,treatment,2026-01-22,16,1,4.0,8
T-02253,treatment,2026-01-13,7,0,,6
T-02254,treatment,2026-01-23,17,0,,3
T-02255,treatment,2026-01-12,6,0,,1
T-02256,treatment,2026-02-01,26,0,,2
T-02257,treatment,2026-01-12,6,0,,3
T-02258,treatment,2026-01-28,22,1,1.0,8
T-02259,treatment,2026-01-25,19,0,,4
T-02260,treatment,2026-01-28,22,0,,3
T-02261,treatment,2026-01-31,25,0,,2
T-02262,treatment,2026-01-21,15,0,,3
T-02263,treatment,2026-01-20,14,1,8.0,13
T-02264,treatment,2026-01-19,13,0,,2
T-02265,treatment,2026-01-21,15,0,,3
T-02266,treatment,2026-02-01,26,0,,5
T-02267,treatment,2026-01-29,23,0,,3
T-02268,treatment,2026-01-14,8,0,,4
T-02269,treatment,2026-01-28,22,1,6.0,13
T-02270,treatment,2026-01-27,21,1,9.0,8
T-02271,treatment,2026-01-26,20,0,,2
T-02272,treatment,2026-01-15,9,0,,5
T-02273,treatment,2026-01-20,14,0,,1
T-02274,treatment,2026-01-31,25,1,1.0,8
T-02275,treatment,2026-01-28,22,0,,1
T-02276,treatment,2026-01-15,9,0,,3
T-02277,treatment,2026-01-07,1,0,,2
T-02278,treatment,2026-01-10,4,0,,3
T-02279,treatment,2026-01-13,7,0,,2
T-02280,treatment,2026-01-11,5,1,9.0,15
T-02281,treatment,2026-01-11,5,0,,1
T-02282,treatment,2026-01-06,0,1,19.0,9
T-02283,treatment,2026-01-21,15,1,1.0,8
T-02284,treatment,2026-01-23,17,1,2.0,8
T-02285,treatment,2026-01-08,2,0,,2
T-02286,treatment,2026-01-12,6,0,,3
T-02287,treatment,2026-01-17,11,1,1.0,11
T-02288,treatment,2026-01-15,9,0,,5
T-02289,treatment,2026-01-27,21,1,17.0,13
T-02290,treatment,2026-01-26,20,0,,1
T-02291,treatment,2026-01-30,24,1,16.0,16
T-02292,treatment,2026-01-15,9,1,6.0,9
T-02293,treatment,2026-01-28,22,0,,3
T-02294,treatment,2026-01-14,8,1,9.0,11
T-02295,treatment,2026-02-01,26,0,,4
T-02296,treatment,2026-01-16,10,0,,3
T-02297,treatment,2026-01-24,18,1,13.0,11
T-02298,treatment,2026-02-01,26,0,,4
T-02299,treatment,2026-01-13,7,0,,7
T-02300,treatment,2026-02-02,27,0,,4
T-02301,treatment,2026-01-30,24,0,,1
T-02302,treatment,2026-01-23,17,0,,3
T-02303,treatment,2026-01-09,3,0,,4
T-02304,treatment,2026-01-07,1,0,,3
T-02305,treatment,2026-01-18,12,0,,3
T-02306,treatment,2026-01-28,22,1,6.0,13
T-02307,treatment,2026-01-19,13,1,11.0,13
T-02308,treatment,2026-01-25,19,0,,5
T-02309,treatment,2026-02-02,27,1,9.0,16
T-02310,treatment,2026-01-27,21,1,6.0,9
T-02311,treatment,2026-01-29,23,0,,5
T-02312,treatment,2026-01-20,14,1,19.0,7
T-02313,treatment,2026-01-18,12,0,,1
T-02314,treatment,2026-01-11,5,1,10.0,10
T-02315,treatment,2026-01-25,19,1,22.0,8
T-02316,treatment,2026-01-11,5,1,2.0,9
T-02317,treatment,2026-01-06,0,0,,2
T-02318,treatment,2026-01-20,14,0,,2
T-02319,treatment,2026-01-11,5,0,,3
T-02320,treatment,2026-02-01,26,0,,2
T-02321,treatment,2026-01-20,14,0,,3
T-02322,treatment,2026-01-20,14,0,,4
T-02323,treatment,2026-01-19,13,0,,5
T-02324,treatment,2026-01-15,9,0,,3
T-02325,treatment,2026-02-01,26,0,,2
T-02326,treatment,2026-01-13,7,0,,1
T-02327,treatment,2026-01-09,3,0,,2
T-02328,treatment,2026-01-30,24,0,,5
T-02329,treatment,2026-01-27,21,0,,4
T-02330,treatment,2026-01-11,5,1,9.0,13
T-02331,treatment,2026-01-25,19,1,1.0,10
T-02332,treatment,2026-01-29,23,0,,2
T-02333,treatment,2026-01-26,20,0,,5
T-02334,treatment,2026-02-02,27,1,9.0,11
T-02335,treatment,2026-01-22,16,1,1.0,17
T-02336,treatment,2026-01-28,22,0,,5
T-02337,treatment,2026-01-29,23,0,,3
T-02338,treatment,2026-01-27,21,0,,3
T-02339,treatment,2026-01-12,6,0,,4
T-02340,treatment,2026-01-17,11,1,2.0,15
T-02341,treatment,2026-01-28,22,0,,2
T-02342,treatment,2026-01-09,3,1,1.0,7
T-02343,treatment,2026-01-19,13,0,,4
T-02344,treatment,2026-01-09,3,0,,4
T-02345,treatment,2026-01-21,15,0,,4
T-02346,treatment,2026-02-02,27,0,,7
T-02347,treatment,2026-01-06,0,0,,5
T-02348,treatment,2026-01-23,17,0,,4
T-02349,treatment,2026-01-24,18,0,,5
T-02350,treatment,2026-01-26,20,0,,3
T-02351,treatment,2026-01-15,9,0,,2
T-02352,treatment,2026-01-30,24,1,3.0,9
T-02353,treatment,2026-01-10,4,1,8.0,9
T-02354,treatment,2026-01-18,12,0,,5
T-02355,treatment,2026-01-11,5,0,,3
T-02356,treatment,2026-01-28,22,1,1.0,11
T-02357,treatment,2026-01-09,3,1,17.0,11
T-02358,treatment,2026-01-21,15,0,,2
T-02359,treatment,2026-01-13,7,0,,2
T-02360,treatment,2026-01-21,15,0,,5
T-02361,treatment,2026-01-16,10,0,,5
T-02362,treatment,2026-01-27,21,0,,1
T-02363,treatment,2026-02-01,26,1,4.0,14
T-02364,treatment,2026-01-06,0,0,,2
T-02365,treatment,2026-01-27,21,0,,4
T-02366,treatment,2026-01-23,17,1,4.0,12
T-02367,treatment,2026-01-09,3,0,,2
T-02368,treatment,2026-01-16,10,1,1.0,14
T-02369,treatment,2026-01-25,19,1,12.0,11
T-02370,treatment,2026-01-15,9,0,,1
T-02371,treatment,2026-01-21,15,0,,1
T-02372,treatment,2026-01-15,9,0,,4
T-02373,treatment,2026-01-10,4,1,6.0,11
T-02374,treatment,2026-01-31,25,0,,2
T-02375,treatment,2026-02-02,27,0,,3
T-02376,treatment,2026-01-23,17,1,1.0,10
T-02377,treatment,2026-01-27,21,1,20.0,19
T-02378,treatment,2026-01-16,10,0,,1
T-02379,treatment,2026-01-08,2,1,5.0,10
T-02380,treatment,2026-01-14,8,0,,3
T-02381,treatment,2026-01-20,14,1,12.0,9
T-02382,treatment,2026-01-27,21,1,7.0,13
T-02383,treatment,2026-01-24,18,0,,3
T-02384,treatment,2026-01-24,18,1,7.0,16
T-02385,treatment,2026-01-10,4,1,1.0,15
T-02386,treatment,2026-01-11,5,1,3.0,10
T-02387,treatment,2026-01-09,3,1,3.0,11
T-02388,treatment,2026-01-17,11,0,,5
T-02389,treatment,2026-01-10,4,0,,5
T-02390,treatment,2026-01-08,2,0,,6
T-02391,treatment,2026-01-15,9,1,1.0,14
T-02392,treatment,2026-01-18,12,0,,5
T-02393,treatment,2026-01-09,3,1,14.0,19
T-02394,treatment,2026-01-29,23,1,9.0,11
T-02395,treatment,2026-01-13,7,0,,1
T-02396,treatment,2026-01-06,0,0,,2
T-02397,treatment,2026-01-25,19,0,,6
T-02398,treatment,2026-01-07,1,0,,5
T-02399,treatment,2026-01-09,3,1,1.0,8
T-02400,treatment,2026-01-26,20,0,,2
T-02401,treatment,2026-01-06,0,1,11.0,15
T-02402,treatment,2026-02-02,27,0,,3
T-02403,treatment,2026-01-26,20,0,,2
T-02404,treatment,2026-01-12,6,0,,2
T-02405,treatment,2026-01-10,4,1,2.0,15
T-02406,treatment,2026-01-28,22,0,,3
T-02407,treatment,2026-01-18,12,1,11.0,10
T-02408,treatment,2026-01-30,24,0,,2
T-02409,treatment,2026-01-18,12,0,,2
T-02410,treatment,2026-01-13,7,0,,1
T-02411,treatment,2026-01-22,16,0,,3
T-02412,treatment,2026-01-15,9,0,,4
T-02413,treatment,2026-01-15,9,0,,2
T-02414,treatment,2026-01-07,1,0,,3
T-02415,treatment,2026-01-11,5,0,,3
T-02416,treatment,2026-01-26,20,0,,4
T-02417,treatment,2026-01-06,0,0,,2
T-02418,treatment,2026-01-23,17,1,1.0,10
T-02419,treatment,2026-01-08,2,0,,4
T-02420,treatment,2026-01-31,25,0,,5
T-02421,treatment,2026-01-26,20,1,1.0,7
T-02422,treatment,2026-01-12,6,0,,2
T-02423,treatment,2026-01-21,15,0,,6
T-02424,treatment,2026-01-27,21,0,,4
T-02425,treatment,2026-01-08,2,1,4.0,9
T-02426,treatment,2026-01-11,5,0,,3
T-02427,treatment,2026-01-09,3,0,,2
T-02428,treatment,2026-01-21,15,0,,3
T-02429,treatment,2026-01-08,2,0,,2
T-02430,treatment,2026-01-09,3,1,1.0,9
T-02431,treatment,2026-01-16,10,1,12.0,11
T-02432,treatment,2026-01-29,23,0,,2
T-02433,treatment,2026-01-22,16,0,,2
T-02434,treatment,2026-01-24,18,0,,4
T-02435,treatment,2026-01-31,25,1,23.0,9
T-02436,treatment,2026-02-02,27,0,,3
T-02437,treatment,2026-01-13,7,1,1.0,7
T-02438,treatment,2026-02-02,27,0,,3
T-02439,treatment,2026-01-19,13,1,4.0,9
T-02440,treatment,2026-01-31,25,0,,1
T-02441,treatment,2026-01-21,15,0,,1
T-02442,treatment,2026-01-30,24,0,,5
T-02443,treatment,2026-01-24,18,1,1.0,9
T-02444,treatment,2026-01-21,15,0,,2
T-02445,treatment,2026-01-30,24,0,,5
T-02446,treatment,2026-01-15,9,1,13.0,6
T-02447,treatment,2026-01-20,14,1,1.0,8
T-02448,treatment,2026-02-01,26,1,1.0,11
T-02449,treatment,2026-01-31,25,0,,4
T-02450,treatment,2026-01-09,3,1,1.0,12
T-02451,treatment,2026-02-02,27,1,3.0,11
T-02452,treatment,2026-01-09,3,1,3.0,9
T-02453,treatment,2026-01-18,12,1,1.0,12
T-02454,treatment,2026-01-17,11,0,,1
T-02455,treatment,2026-01-20,14,0,,7
T-02456,treatment,2026-01-28,22,0,,5
T-02457,treatment,2026-01-18,12,1,25.0,12
T-02458,treatment,2026-01-11,5,0,,4
T-02459,treatment,2026-01-31,25,0,,3
T-02460,treatment,2026-01-19,13,1,2.0,10
T-02461,treatment,2026-01-08,2,0,,5
T-02462,treatment,2026-01-13,7,1,1.0,10
T-02463,treatment,2026-01-17,11,1,13.0,15
T-02464,treatment,2026-01-19,13,0,,2
T-02465,treatment,2026-01-10,4,1,2.0,9
T-02466,treatment,2026-01-07,1,0,,2
T-02467,treatment,2026-01-15,9,0,,5
T-02468,treatment,2026-01-08,2,1,18.0,10
T-02469,treatment,2026-01-28,22,1,6.0,8
T-02470,treatment,2026-01-15,9,0,,3
T-02471,treatment,2026-01-14,8,0,,2
T-02472,treatment,2026-01-22,16,1,1.0,15
T-02473,treatment,2026-02-02,27,0,,2
T-02474,treatment,2026-01-11,5,0,,4
T-02475,treatment,2026-02-01,26,1,2.0,9
T-02476,treatment,2026-01-14,8,0,,2
T-02477,treatment,2026-01-28,22,0,,4
T-02478,treatment,2026-01-08,2,0,,5
T-02479,treatment,2026-01-12,6,1,4.0,11
T-02480,treatment,2026-01-17,11,0,,3
T-02481,treatment,2026-01-23,17,0,,6
T-02482,treatment,2026-01-15,9,1,13.0,16
T-02483,treatment,2026-01-07,1,0,,2
T-02484,treatment,2026-01-22,16,0,,4
T-02485,treatment,2026-01-08,2,0,,5
T-02486,treatment,2026-01-06,0,1,1.0,12
T-02487,treatment,2026-01-13,7,0,,3
T-02488,treatment,2026-01-18,12,0,,3
T-02489,treatment,2026-01-16,10,0,,3
T-02490,treatment,2026-01-13,7,0,,3
T-02491,treatment,2026-01-25,19,1,4.0,9
T-02492,treatment,2026-01-06,0,0,,4
T-02493,treatment,2026-01-07,1,1,1.0,6
T-02494,treatment,2026-01-23,17,1,2.0,17
T-02495,treatment,2026-01-23,17,1,1.0,11
T-02496,treatment,2026-01-14,8,0,,4
T-02497,treatment,2026-01-12,6,0,,3
T-02498,treatment,2026-01-14,8,1,3.0,10
T-02499,treatment,2026-01-15,9,0,,3
T-02500,treatment,2026-01-31,25,1,16.0,7
T-02501,treatment,2026-01-07,1,0,,4
T-02502,treatment,2026-01-10,4,0,,6
T-02503,treatment,2026-01-22,16,0,,2
T-02504,treatment,2026-01-07,1,0,,4
T-02505,treatment,2026-01-25,19,1,2.0,12
T-02506,treatment,2026-01-15,9,1,11.0,8
T-02507,treatment,2026-01-06,0,1,1.0,12
T-02508,treatment,2026-01-17,11,1,1.0,6
T-02509,treatment,2026-01-29,23,0,,2
T-02510,treatment,2026-01-20,14,0,,2
T-02511,treatment,2026-01-11,5,1,22.0,15
T-02512,treatment,2026-01-19,13,0,,4
T-02513,treatment,2026-01-19,13,1,7.0,8
T-02514,treatment,2026-01-20,14,1,3.0,20
T-02515,treatment,2026-01-06,0,1,4.0,9
T-02516,treatment,2026-01-30,24,1,4.0,11
T-02517,treatment,2026-01-22,16,1,3.0,6
T-02518,treatment,2026-01-16,10,0,,3
T-02519,treatment,2026-01-20,14,0,,3
T-02520,treatment,2026-01-25,19,0,,6
T-02521,treatment,2026-01-21,15,0,,2
T-02522,treatment,2026-01-26,20,1,14.0,8
T-02523,treatment,2026-02-01,26,0,,3
T-02524,treatment,2026-01-14,8,1,1.0,12
T-02525,treatment,2026-01-17,11,0,,3
T-02526,treatment,2026-01-07,1,0,,3
T-02527,treatment,2026-01-20,14,0,,2
T-02528,treatment,2026-02-02,27,1,16.0,10
T-02529,treatment,2026-01-14,8,1,2.0,9
T-02530,treatment,2026-02-02,27,0,,4
T-02531,treatment,2026-01-21,15,1,1.0,11
T-02532,treatment,2026-01-22,16,0,,2
T-02533,treatment,2026-01-25,19,1,3.0,8
T-02534,treatment,2026-02-01,26,0,,3
T-02535,treatment,2026-01-28,22,1,5.0,7
T-02536,treatment,2026-01-09,3,0,,3
T-02537,treatment,2026-01-13,7,0,,3
T-02538,treatment,2026-01-12,6,1,4.0,10
T-02539,treatment,2026-01-11,5,0,,3
T-02540,treatment,2026-01-10,4,1,22.0,12
T-02541,treatment,2026-01-15,9,0,,3
T-02542,treatment,2026-01-08,2,1,2.0,18
T-02543,treatment,2026-01-29,23,0,,3
T-02544,treatment,2026-01-25,19,0,,6
T-02545,treatment,2026-01-29,23,1,1.0,5
T-02546,treatment,2026-01-22,16,0,,2
T-02547,treatment,2026-01-21,15,0,,4
T-02548,treatment,2026-01-16,10,0,,2
T-02549,treatment,2026-01-18,12,1,1.0,9
T-02550,treatment,2026-01-23,17,0,,2
T-02551,treatment,2026-01-19,13,1,9.0,14
T-02552,treatment,2026-01-07,1,1,8.0,10
T-02553,treatment,2026-01-17,11,0,,4
T-02554,treatment,2026-01-27,21,0,,1
T-02555,treatment,2026-01-26,20,0,,1
T-02556,treatment,2026-01-31,25,1,11.0,9
T-02557,treatment,2026-01-15,9,0,,3
T-02558,treatment,2026-01-12,6,0,,2
T-02559,treatment,2026-01-07,1,0,,2
T-02560,treatment,2026-01-30,24,0,,4
T-02561,treatment,2026-01-23,17,0,,5
T-02562,treatment,2026-01-22,16,1,4.0,10
T-02563,treatment,2026-01-21,15,1,7.0,7
T-02564,treatment,2026-01-07,1,0,,2
T-02565,treatment,2026-01-16,10,1,10.0,14
T-02566,treatment,2026-01-24,18,1,3.0,8
T-02567,treatment,2026-01-27,21,0,,5
T-02568,treatment,2026-01-12,6,0,,2
T-02569,treatment,2026-02-01,26,1,7.0,10
T-02570,treatment,2026-01-27,21,1,10.0,16
T-02571,treatment,2026-01-22,16,1,15.0,5
T-02572,treatment,2026-01-20,14,0,,2
T-02573,treatment,2026-01-14,8,0,,2
T-02574,treatment,2026-01-17,11,0,,3
T-02575,treatment,2026-01-13,7,0,,2
T-02576,treatment,2026-02-02,27,0,,3
T-02577,treatment,2026-01-07,1,1,4.0,10
T-02578,treatment,2026-01-22,16,0,,3
T-02579,treatment,2026-01-21,15,0,,4
T-02580,treatment,2026-01-28,22,1,5.0,15
T-02581,treatment,2026-01-21,15,0,,4
T-02582,treatment,2026-01-08,2,0,,1
T-02583,treatment,2026-01-24,18,0,,3
T-02584,treatment,2026-01-21,15,0,,5
T-02585,treatment,2026-01-16,10,1,2.0,12
T-02586,treatment,2026-01-31,25,1,9.0,13
T-02587,treatment,2026-01-14,8,0,,1
T-02588,treatment,2026-01-19,13,1,1.0,14
T-02589,treatment,2026-01-07,1,0,,3
T-02590,treatment,2026-01-18,12,0,,4
T-02591,treatment,2026-01-10,4,0,,3
T-02592,treatment,2026-01-25,19,1,3.0,8
T-02593,treatment,2026-01-19,13,0,,6
T-02594,treatment,2026-01-06,0,0,,8
T-02595,treatment,2026-01-11,5,0,,1
T-02596,treatment,2026-01-27,21,0,,1
T-02597,treatment,2026-01-16,10,1,10.0,14
T-02598,treatment,2026-01-22,16,0,,4
T-02599,treatment,2026-01-28,22,0,,5
T-02600,treatment,2026-01-27,21,1,12.0,10
T-02601,treatment,2026-01-19,13,0,,3
T-02602,treatment,2026-01-19,13,1,3.0,11
T-02603,treatment,2026-01-25,19,0,,1
T-02604,treatment,2026-01-12,6,0,,2
T-02605,treatment,2026-01-24,18,0,,6
T-02606,treatment,2026-01-31,25,1,9.0,11
T-02607,treatment,2026-02-01,26,0,,2
T-02608,treatment,2026-01-27,21,1,6.0,8
T-02609,treatment,2026-01-11,5,1,4.0,12
T-02610,treatment,2026-01-18,12,1,1.0,11
T-02611,treatment,2026-01-15,9,1,15.0,14
T-02612,treatment,2026-01-27,21,0,,4
T-02613,treatment,2026-01-24,18,1,6.0,11
T-02614,treatment,2026-01-15,9,0,,2
T-02615,treatment,2026-01-10,4,1,2.0,13
T-02616,treatment,2026-01-18,12,0,,2
T-02617,treatment,2026-01-22,16,1,4.0,9
T-02618,treatment,2026-01-27,21,1,2.0,17
T-02619,treatment,2026-01-28,22,0,,2
T-02620,treatment,2026-01-10,4,0,,4
T-02621,treatment,2026-01-26,20,1,8.0,13
T-02622,treatment,2026-01-27,21,0,,1
T-02623,treatment,2026-01-12,6,1,1.0,12
T-02624,treatment,2026-01-25,19,0,,3
T-02625,treatment,2026-01-12,6,1,1.0,8
T-02626,treatment,2026-01-20,14,0,,5
T-02627,treatment,2026-01-20,14,1,2.0,8
T-02628,treatment,2026-01-26,20,0,,3
T-02629,treatment,2026-01-28,22,1,2.0,12
T-02630,treatment,2026-01-06,0,0,,4
T-02631,treatment,2026-01-31,25,1,10.0,17
T-02632,treatment,2026-01-17,11,0,,2
T-02633,treatment,2026-01-07,1,1,6.0,7
T-02634,treatment,2026-01-23,17,0,,2
T-02635,treatment,2026-01-20,14,0,,2
T-02636,treatment,2026-01-12,6,1,1.0,11
T-02637,treatment,2026-01-14,8,1,12.0,7
T-02638,treatment,2026-01-28,22,1,2.0,8
T-02639,treatment,2026-02-02,27,0,,4
T-02640,treatment,2026-01-27,21,1,1.0,12
T-02641,treatment,2026-01-08,2,0,,4
T-02642,treatment,2026-01-26,20,0,,2
T-02643,treatment,2026-01-15,9,0,,5
T-02644,treatment,2026-01-07,1,0,,5
T-02645,treatment,2026-01-30,24,0,,7
T-02646,treatment,2026-01-27,21,0,,3
T-02647,treatment,2026-01-30,24,1,1.0,18
T-02648,treatment,2026-01-30,24,0,,4
T-02649,treatment,2026-01-17,11,1,19.0,9
T-02650,treatment,2026-01-12,6,0,,4
T-02651,treatment,2026-01-10,4,0,,1
T-02652,treatment,2026-01-09,3,0,,5
T-02653,treatment,2026-01-06,0,1,1.0,8
T-02654,treatment,2026-01-20,14,0,,4
T-02655,treatment,2026-01-14,8,0,,4
T-02656,treatment,2026-01-11,5,0,,5
T-02657,treatment,2026-01-19,13,0,,2
T-02658,treatment,2026-01-07,1,1,1.0,12
T-02659,treatment,2026-01-17,11,1,13.0,10
T-02660,treatment,2026-01-28,22,0,,4
T-02661,treatment,2026-02-02,27,0,,3
T-02662,treatment,2026-01-11,5,1,1.0,11
T-02663,treatment,2026-01-18,12,0,,6
T-02664,treatment,2026-01-09,3,1,9.0,8
T-02665,treatment,2026-01-27,21,0,,2
T-02666,treatment,2026-01-21,15,0,,2
T-02667,treatment,2026-01-16,10,0,,4
T-02668,treatment,2026-01-11,5,1,8.0,10
T-02669,treatment,2026-01-10,4,0,,2
T-02670,treatment,2026-01-06,0,0,,3
T-02671,treatment,2026-01-24,18,0,,4
T-02672,treatment,2026-01-12,6,0,,1
T-02673,treatment,2026-01-23,17,0,,3
T-02674,treatment,2026-01-15,9,0,,5
T-02675,treatment,2026-01-15,9,1,11.0,14
T-02676,treatment,2026-01-22,16,0,,4
T-02677,treatment,2026-01-29,23,0,,1
T-02678,treatment,2026-01-12,6,1,16.0,12
T-02679,treatment,2026-01-27,21,1,1.0,8
T-02680,treatment,2026-01-31,25,1,4.0,12
T-02681,treatment,2026-01-26,20,1,1.0,7
T-02682,treatment,2026-01-27,21,1,7.0,10
T-02683,treatment,2026-01-06,0,0,,2
T-02684,treatment,2026-01-17,11,1,7.0,9
T-02685,treatment,2026-01-30,24,0,,1
T-02686,treatment,2026-01-22,16,0,,3
T-02687,treatment,2026-01-21,15,0,,2
T-02688,treatment,2026-01-25,19,1,6.0,6
T-02689,treatment,2026-01-20,14,1,21.0,14
T-02690,treatment,2026-01-24,18,1,8.0,8
T-02691,treatment,2026-01-25,19,0,,3
T-02692,treatment,2026-01-22,16,0,,2
T-02693,treatment,2026-01-31,25,1,6.0,17
T-02694,treatment,2026-01-09,3,0,,1
T-02695,treatment,2026-01-09,3,0,,1
T-02696,treatment,2026-01-08,2,0,,5
T-02697,treatment,2026-01-13,7,0,,4
T-02698,treatment,2026-01-28,22,0,,4
T-02699,treatment,2026-01-14,8,0,,4
T-02700,treatment,2026-01-07,1,1,2.0,18
T-02701,treatment,2026-01-31,25,0,,3
T-02702,treatment,2026-01-24,18,0,,1
T-02703,treatment,2026-01-27,21,1,18.0,10
T-02704,treatment,2026-01-23,17,1,4.0,13
T-02705,treatment,2026-01-21,15,0,,3
T-02706,treatment,2026-02-02,27,0,,2
T-02707,treatment,2026-02-02,27,0,,2
T-02708,treatment,2026-01-23,17,0,,3
T-02709,treatment,2026-01-31,25,1,6.0,13
T-02710,treatment,2026-01-23,17,0,,4
T-02711,treatment,2026-01-17,11,1,12.0,8
T-02712,treatment,2026-01-07,1,1,1.0,11
T-02713,treatment,2026-01-26,20,0,,3
T-02714,treatment,2026-02-02,27,0,,2
T-02715,treatment,2026-01-06,0,1,10.0,8
T-02716,treatment,2026-01-28,22,1,16.0,10
T-02717,treatment,2026-01-21,15,0,,3
T-02718,treatment,2026-01-22,16,0,,5
T-02719,treatment,2026-01-06,0,1,6.0,11
T-02720,treatment,2026-01-26,20,0,,3
T-02721,treatment,2026-01-28,22,0,,1
T-02722,treatment,2026-01-08,2,0,,1
T-02723,treatment,2026-01-28,22,1,4.0,5
T-02724,treatment,2026-01-30,24,0,,1
T-02725,treatment,2026-02-01,26,0,,2
T-02726,treatment,2026-01-25,19,0,,3
T-02727,treatment,2026-01-21,15,1,2.0,9
T-02728,treatment,2026-01-26,20,0,,3
T-02729,treatment,2026-01-19,13,1,1.0,15
T-02730,treatment,2026-01-21,15,0,,3
T-02731,treatment,2026-01-29,23,1,4.0,9
T-02732,treatment,2026-01-14,8,1,4.0,11
T-02733,treatment,2026-01-26,20,0,,3
T-02734,treatment,2026-02-02,27,0,,4
T-02735,treatment,2026-01-26,20,0,,4
T-02736,treatment,2026-01-07,1,0,,4
T-02737,treatment,2026-01-30,24,1,1.0,8
T-02738,treatment,2026-01-18,12,0,,4
T-02739,treatment,2026-01-27,21,1,1.0,11
T-02740,treatment,2026-01-10,4,0,,1
T-02741,treatment,2026-01-26,20,0,,2
T-02742,treatment,2026-01-25,19,0,,5
T-02743,treatment,2026-01-22,16,0,,2
T-02744,treatment,2026-01-11,5,0,,2
T-02745,treatment,2026-01-22,16,0,,2
T-02746,treatment,2026-01-31,25,0,,3
T-02747,treatment,2026-01-07,1,1,1.0,6
T-02748,treatment,2026-01-12,6,1,1.0,18
T-02749,treatment,2026-01-22,16,1,5.0,12
T-02750,treatment,2026-01-29,23,1,9.0,15
T-02751,treatment,2026-01-13,7,1,19.0,14
T-02752,treatment,2026-01-28,22,0,,2
T-02753,treatment,2026-01-28,22,0,,1
T-02754,treatment,2026-01-06,0,0,,2
T-02755,treatment,2026-01-24,18,0,,3
T-02756,treatment,2026-01-30,24,1,3.0,11
T-02757,treatment,2026-01-10,4,0,,3
T-02758,treatment,2026-01-10,4,1,3.0,9
T-02759,treatment,2026-01-28,22,0,,8
T-02760,treatment,2026-02-01,26,1,5.0,11
T-02761,treatment,2026-01-31,25,1,2.0,14
T-02762,treatment,2026-01-29,23,0,,3
T-02763,treatment,2026-01-27,21,0,,4
T-02764,treatment,2026-01-26,20,1,6.0,10
T-02765,treatment,2026-01-06,0,1,7.0,9
T-02766,treatment,2026-01-31,25,1,6.0,15
T-02767,treatment,2026-01-15,9,1,21.0,9
T-02768,treatment,2026-01-15,9,0,,3
T-02769,treatment,2026-01-30,24,0,,3
T-02770,treatment,2026-01-27,21,1,4.0,12
T-02771,treatment,2026-01-08,2,0,,3
T-02772,treatment,2026-02-02,27,0,,2
T-02773,treatment,2026-01-17,11,0,,3
T-02774,treatment,2026-01-31,25,1,4.0,7
T-02775,treatment,2026-01-17,11,1,4.0,11
T-02776,treatment,2026-01-12,6,0,,2
T-02777,treatment,2026-01-21,15,0,,5
T-02778,treatment,2026-01-25,19,0,,2
T-02779,treatment,2026-01-08,2,1,4.0,8
T-02780,treatment,2026-02-02,27,1,18.0,9
T-02781,treatment,2026-01-12,6,0,,4
T-02782,treatment,2026-01-27,21,0,,5
T-02783,treatment,2026-01-19,13,1,2.0,11
T-02784,treatment,2026-02-01,26,0,,3
T-02785,treatment,2026-01-09,3,0,,3
T-02786,treatment,2026-01-15,9,0,,3
T-02787,treatment,2026-01-29,23,1,2.0,8
T-02788,treatment,2026-01-07,1,0,,3
T-02789,treatment,2026-01-27,21,1,9.0,12
T-02790,treatment,2026-01-21,15,0,,1
T-02791,treatment,2026-01-08,2,0,,1
T-02792,treatment,2026-01-20,14,0,,2
T-02793,treatment,2026-01-13,7,1,2.0,12
T-02794,treatment,2026-01-21,15,1,3.0,7
T-02795,treatment,2026-01-16,10,0,,1
T-02796,treatment,2026-01-29,23,0,,2
T-02797,treatment,2026-01-16,10,0,,2
T-02798,treatment,2026-01-16,10,0,,4
T-02799,treatment,2026-01-06,0,1,13.0,7
T-02800,treatment,2026-01-07,1,1,1.0,7
T-02801,treatment,2026-01-25,19,0,,3
T-02802,treatment,2026-01-06,0,1,1.0,11
T-02803,treatment,2026-01-24,18,1,3.0,13
T-02804,treatment,2026-01-25,19,0,,1
T-02805,treatment,2026-01-15,9,0,,1
T-02806,treatment,2026-01-24,18,0,,2
T-02807,treatment,2026-01-26,20,0,,3
T-02808,treatment,2026-01-16,10,0,,2
T-02809,treatment,2026-01-17,11,1,2.0,8
T-02810,treatment,2026-01-15,9,0,,3
T-02811,treatment,2026-01-12,6,0,,5
T-02812,treatment,2026-01-29,23,1,4.0,11
T-02813,treatment,2026-01-13,7,1,18.0,9
T-02814,treatment,2026-01-16,10,1,18.0,14
T-02815,treatment,2026-01-23,17,1,9.0,8
T-02816,treatment,2026-01-21,15,0,,1
T-02817,treatment,2026-01-06,0,0,,3
T-02818,treatment,2026-01-11,5,1,8.0,10
T-02819,treatment,2026-01-22,16,1,11.0,15
T-02820,treatment,2026-01-27,21,0,,3
T-02821,treatment,2026-01-18,12,0,,3
T-02822,treatment,2026-01-28,22,0,,4
T-02823,treatment,2026-01-30,24,1,8.0,8
T-02824,treatment,2026-01-15,9,1,14.0,11
T-02825,treatment,2026-01-15,9,1,1.0,10
T-02826,treatment,2026-01-06,0,0,,3
T-02827,treatment,2026-01-12,6,0,,2
T-02828,treatment,2026-01-25,19,0,,3
T-02829,treatment,2026-01-14,8,0,,7
T-02830,treatment,2026-01-16,10,1,16.0,14
T-02831,treatment,2026-01-25,19,0,,4
T-02832,treatment,2026-01-07,1,0,,3
T-02833,treatment,2026-01-06,0,1,2.0,11
T-02834,treatment,2026-01-28,22,0,,5
T-02835,treatment,2026-01-17,11,1,7.0,14
T-02836,treatment,2026-01-12,6,0,,3
T-02837,treatment,2026-01-24,18,1,2.0,11
T-02838,treatment,2026-01-10,4,1,1.0,8
T-02839,treatment,2026-01-31,25,0,,2
T-02840,treatment,2026-01-17,11,0,,3
T-02841,treatment,2026-01-19,13,0,,6
T-02842,treatment,2026-02-02,27,0,,4
T-02843,treatment,2026-01-12,6,0,,3
T-02844,treatment,2026-01-13,7,1,12.0,9
T-02845,treatment,2026-01-19,13,0,,1
T-02846,treatment,2026-01-17,11,0,,4
T-02847,treatment,2026-01-14,8,0,,3
T-02848,treatment,2026-01-15,9,1,1.0,7
T-02849,treatment,2026-01-15,9,1,2.0,10
T-02850,treatment,2026-01-06,0,0,,2
T-02851,treatment,2026-01-30,24,0,,3
T-02852,treatment,2026-01-27,21,0,,4
T-02853,treatment,2026-01-11,5,0,,6
T-02854,treatment,2026-01-19,13,0,,2
T-02855,treatment,2026-01-28,22,0,,2
T-02856,treatment,2026-01-14,8,1,4.0,13
T-02857,treatment,2026-01-28,22,0,,3
T-02858,treatment,2026-01-28,22,1,10.0,8
T-02859,treatment,2026-02-01,26,0,,1
T-02860,treatment,2026-01-17,11,1,7.0,6
T-02861,treatment,2026-01-24,18,1,10.0,5
T-02862,treatment,2026-01-31,25,1,5.0,14
T-02863,treatment,2026-01-30,24,1,4.0,7
T-02864,treatment,2026-01-25,19,0,,2
T-02865,treatment,2026-01-27,21,0,,1
T-02866,treatment,2026-01-28,22,1,7.0,13
T-02867,treatment,2026-02-02,27,1,10.0,9
T-02868,treatment,2026-01-17,11,0,,4
T-02869,treatment,2026-01-30,24,1,6.0,10
T-02870,treatment,2026-01-18,12,0,,3
T-02871,treatment,2026-01-31,25,0,,5
T-02872,treatment,2026-02-02,27,0,,4
T-02873,treatment,2026-01-08,2,0,,3
T-02874,treatment,2026-01-16,10,0,,4
T-02875,treatment,2026-01-07,1,1,6.0,11
T-02876,treatment,2026-01-23,17,0,,3
T-02877,treatment,2026-01-23,17,0,,4
T-02878,treatment,2026-01-30,24,1,3.0,10
T-02879,treatment,2026-01-29,23,1,17.0,12
T-02880,treatment,2026-01-30,24,0,,2
T-02881,treatment,2026-01-14,8,0,,2
T-02882,treatment,2026-01-06,0,1,2.0,9
T-02883,treatment,2026-01-31,25,0,,3
T-02884,treatment,2026-01-31,25,0,,2
T-02885,treatment,2026-01-21,15,1,2.0,14
T-02886,treatment,2026-01-30,24,0,,6
T-02887,treatment,2026-01-06,0,0,,2
T-02888,treatment,2026-01-26,20,0,,4
T-02889,treatment,2026-01-25,19,0,,4
T-02890,treatment,2026-01-29,23,1,1.0,9
T-02891,treatment,2026-01-10,4,0,,3
